Marca_Modelo,Precio,Km,Transmision,Combustible,URL,Anio,Marca,Modelo
Mitsubishi L200 2023,24000,11200,Mecánica,Diesel,https://neoauto.com/auto/usado/mitsubishi-l200-2023-1848943,2023,Mitsubishi,L200
Nissan Qashqai 2015,15500,83000,Automática,Gasolina,https://neoauto.com/auto/usado/nissan-qashqai-2015-1863429,2015,Nissan,Qashqai
Hyundai Grand I10 2016,10500,55000,Automática,Gasolina,https://neoauto.com/auto/usado/hyundai-grand-i10-2016-1863640,2016,Hyundai,Grand I10
Bmw X3 30i 2024,52990,12800,Automática - Secuencial,Gasolina,https://neoauto.com/auto/usado/bmw-x3-30i-2024-1859128,2024,Bmw,X3 30i
Ford Ecosport 2014,12900,87781,Mecánica,Gasolina,https://neoauto.com/auto/usado/ford-ecosport-2014-1862214,2014,Ford,Ecosport
Bmw 520-I 2014,15000,90000,Automática - Secuencial,Gasolina,https://neoauto.com/auto/usado/bmw-520-i-2014-1834055,2014,Bmw,520-I
Subaru Forester 2024,33000,19000,Automática - Secuencial,Gasolina,https://neoauto.com/auto/usado/subaru-forester-2024-1790840,2024,Subaru,Forester
Volkswagen Tiguan Allspace 2020,24500,101000,Automática - Secuencial,Gasolina,https://neoauto.com/auto/usado/volkswagen-tiguan-allspace-2020-1861570,2020,Volkswagen,Tiguan Allspace
Ram 1000 2024,22800,17000,Automática - Secuencial,Gasolina,https://neoauto.com/auto/usado/ram-1000-2024-1863616,2024,Ram,1000
Mazda Cx-5 2025,33500,14500,Automática,Gasolina,https://neoauto.com/auto/usado/mazda-cx-5-2025-1856179,2025,Mazda,Cx-5
Renault Fluence 2012,8700,29700,Mecánica,Gasolina,https://neoauto.com/auto/usado/renault-fluence-2012-1862657,2012,Renault,Fluence
Bmw X1 18i 2018,20900,64300,Automática,Gasolina,https://neoauto.com/auto/usado/bmw-x1-18i-2018-1857962,2018,Bmw,X1 18i
Bmw 535igt 2013,15000,95000,Automática - Secuencial,Gasolina,https://neoauto.com/auto/usado/bmw-535igt-2013-1862938,2013,Bmw,535igt
Volkswagen Jetta 2021,16500,55500,Mecánica,Gasolina,https://neoauto.com/auto/usado/volkswagen-jetta-2021-1670394,2021,Volkswagen,Jetta
Subaru Forester 2024,38500,11800,Automática - Secuencial,Gasolina,https://neoauto.com/auto/usado/subaru-forester-2024-1861890,2024,Subaru,Forester
Bmw X5 40i 2023,63600,37000,Automática - Secuencial,Gasolina,https://neoauto.com/auto/usado/bmw-x5-40i-2023-1856137,2023,Bmw,X5 40i
Mitsubishi Montero Sport 2019,33500,49560,Automática - Secuencial,Gasolina,https://neoauto.com/auto/usado/mitsubishi-montero-sport-2019-1791996,2019,Mitsubishi,Montero Sport
Audi Q2 2024,27800,12300,Automática - Secuencial,Gasolina,https://neoauto.com/auto/usado/audi-q2-2024-1860438,2024,Audi,Q2
Haval Jolion 2023,18600,26000,Automática - Secuencial,Gas GLP,https://neoauto.com/auto/usado/haval-jolion-2023-1855478,2023,Haval,Jolion
Mazda Cx-9 2019,26500,66000,Automática,Gasolina,https://neoauto.com/auto/usado/mazda-cx-9-2019-1856038,2019,Mazda,Cx-9
Bmw 118i 2019,17800,52000,Automática - Secuencial,Gasolina,https://neoauto.com/auto/usado/bmw-118i-2019-1852366,2019,Bmw,118i
Mercedes Benz A 200 2023,33900,13604,Automática - Secuencial,Gasolina,https://neoauto.com/auto/usado/mercedes-benz-a-200-2023-1858441,2023,Mercedes,Benz A 200
Land Rover Discovery Sport 2018,23500,75000,Automática - Secuencial,Gasolina,https://neoauto.com/auto/usado/land-rover-discovery-sport-2018-1855269,2018,Land,Rover Discovery Sport
Audi Q7 2018,31500,112000,Automática - Secuencial,Gasolina,https://neoauto.com/auto/usado/audi-q7-2018-1860606,2018,Audi,Q7
Mercedes Benz S 500 Coupe 4matic 2015,49000,63000,Automática - Secuencial,Gasolina,https://neoauto.com/auto/usado/mercedes-benz-s-500-coupe-4matic-2015-1859103,2015,Mercedes,Benz S 500 Coupe 4matic
Subaru Evoltis 2024,47500,10700,Automática - Secuencial,Gasolina,https://neoauto.com/auto/usado/subaru-evoltis-2024-1861885,2024,Subaru,Evoltis
Volvo Xc-90 2018,30700,99700,Automática - Secuencial,Gasolina,https://neoauto.com/auto/usado/volvo-xc-90-2018-1862740,2018,Volvo,Xc-90
Seat Leon Fr 2012,10499,105000,Automática - Secuencial,Gasolina,https://neoauto.com/auto/usado/seat-leon-fr-2012-1858940,2012,Seat,Leon Fr
Mazda Cx-5 2019,19500,88500,Automática - Secuencial,Gasolina,https://neoauto.com/auto/usado/mazda-cx-5-2019-1851857,2019,Mazda,Cx-5
Renault Duster 2015,9000,108000,Automática - Secuencial,Dual,https://neoauto.com/auto/usado/renault-duster-2015-1863244,2015,Renault,Duster
Nissan Pathfinder 2015,15000,175000,Automática,Gasolina,https://neoauto.com/auto/usado/nissan-pathfinder-2015-1845100,2015,Nissan,Pathfinder
Mitsubishi Nativa 2011,14000,125000,Mecánica,Gasolina,https://neoauto.com/auto/usado/mitsubishi-nativa-2011-1856580,2011,Mitsubishi,Nativa
Mitsubishi Asx 2018,16000,62500,Automática,Gasolina,https://neoauto.com/auto/usado/mitsubishi-asx-2018-1854168,2018,Mitsubishi,Asx
Volvo Xc-60 2023,47000,28000,Automática - Secuencial,Gasolina,https://neoauto.com/auto/usado/volvo-xc-60-2023-1848104,2023,Volvo,Xc-60
Peugeot 2008 2022,15590,53900,Mecánica,Gasolina,https://neoauto.com/auto/usado/peugeot-2008-2022-1851158,2022,Peugeot,2008
Mercedes Benz Glc 200 2020,35000,55000,Automática,Gasolina,https://neoauto.com/auto/usado/mercedes-benz-glc-200-2020-1863597,2020,Mercedes,Benz Glc 200
Citroen C5 Aircross 2020,18900,50000,Automática - Secuencial,Gasolina,https://neoauto.com/auto/usado/citroen-c5-aircross-2020-1863620,2020,Citroen,C5 Aircross
Mazda 6 2009,8800,160000,Automática - Secuencial,Gasolina,https://neoauto.com/auto/usado/mazda-6-2009-1854938,2009,Mazda,6
Toyota Avensis 2013,10500,97000,Automática,Gasolina,https://neoauto.com/auto/usado/toyota-avensis-2013-1858609,2013,Toyota,Avensis
Subaru Impreza 2016,10500,96000,Mecánica,Gasolina,https://neoauto.com/auto/usado/subaru-impreza-2016-1860134,2016,Subaru,Impreza
Toyota Corolla Cross 2023,20199,61000,Automática,Gasolina,https://neoauto.com/auto/usado/toyota-corolla-cross-2023-1856850,2023,Toyota,Corolla Cross
Toyota Yaris 2019,14000,80000,Automática - Secuencial,Gasolina,https://neoauto.com/auto/usado/toyota-yaris-2019-1858454,2019,Toyota,Yaris
Audi A4 2017,21000,41000,Automática - Secuencial,Gasolina,https://neoauto.com/auto/usado/audi-a4-2017-1851516,2017,Audi,A4
Audi A3 Sedan 2016,15600,86000,Automática - Secuencial,Gasolina,https://neoauto.com/auto/usado/audi-a3-sedan-2016-1861062,2016,Audi,A3 Sedan
Audi Q3 2018,21500,52000,Automática - Secuencial,Gasolina,https://neoauto.com/auto/usado/audi-q3-2018-1851510,2018,Audi,Q3
Suzuki Apv 2014,7200,240700,Mecánica,Gasolina,https://neoauto.com/auto/usado/suzuki-apv-2014-1852807,2014,Suzuki,Apv
Toyota 4runner 2016,38900,132000,Automática - Secuencial,Gasolina,https://neoauto.com/auto/usado/toyota-4runner-2016-1861788,2016,Toyota,4runner
Ford Mustang Gt 2025,56000,3000,Automática - Secuencial,Gasolina,https://neoauto.com/auto/usado/ford-mustang-gt-2025-1857831,2025,Ford,Mustang Gt
Hyundai H-1 2019,23000,245200,Mecánica,Dual,https://neoauto.com/auto/usado/hyundai-h-1-2019-1862626,2019,Hyundai,H-1
Mazda Cx-5 2023,23200,15000,Mecánica,Gasolina,https://neoauto.com/auto/usado/mazda-cx-5-2023-1846292,2023,Mazda,Cx-5
Honda Wr-V 2018,11900,83000,Automática,Gasolina,https://neoauto.com/auto/usado/honda-wr-v-2018-1851281,2018,Honda,Wr-V
Subaru Outback 2016,16500,74000,Automática,Gasolina,https://neoauto.com/auto/usado/subaru-outback-2016-1862281,2016,Subaru,Outback
Toyota Highlander 2013,18000,109000,Automática - Secuencial,Dual,https://neoauto.com/auto/usado/toyota-highlander-2013-1861225,2013,Toyota,Highlander
Lexus Rx 350 2015,20500,108000,Automática,Gasolina,https://neoauto.com/auto/usado/lexus-rx-350-2015-1862284,2015,Lexus,Rx 350
Haval All New H6 2022,20000,31500,Automática - Secuencial,Gasolina,https://neoauto.com/auto/usado/haval-all-new-h6-2022-1861963,2022,Haval,All New H6
Mazda Cx-9 2024,34900,19968,Automática,Gasolina,https://neoauto.com/auto/usado/mazda-cx-9-2024-1860269,2024,Mazda,Cx-9
Audi A3 Sedan 2016,17900,22000,Automática - Secuencial,Gasolina,https://neoauto.com/auto/usado/audi-a3-sedan-2016-1852527,2016,Audi,A3 Sedan
Bmw 330i 2022,40900,20000,Automática - Secuencial,Gasolina,https://neoauto.com/auto/usado/bmw-330i-2022-1864034,2022,Bmw,330i
Hyundai Santa Fe 2023,33900,41805,Automática,Gasolina,https://neoauto.com/auto/usado/hyundai-santa-fe-2023-1858932,2023,Hyundai,Santa Fe
Land Rover Evoque 2015,23000,62500,Automática - Secuencial,Gasolina,https://neoauto.com/auto/usado/land-rover-evoque-2015-1858201,2015,Land,Rover Evoque
Jeep Cherokee 2019,19900,66500,Automática - Secuencial,Gasolina,https://neoauto.com/auto/usado/jeep-cherokee-2019-1863209,2019,Jeep,Cherokee
Volvo Xc-60 2017,17500,120000,Automática - Secuencial,Gasolina,https://neoauto.com/auto/usado/volvo-xc-60-2017-1863382,2017,Volvo,Xc-60
Jaguar F-Pace 2017,49990,9313,Automática - Secuencial,Gasolina,https://neoauto.com/auto/usado/jaguar-f-pace-2017-1823960,2017,Jaguar,F-Pace
Audi Q5 2018,24500,83000,Automática - Secuencial,Gasolina,https://neoauto.com/auto/usado/audi-q5-2018-1863421,2018,Audi,Q5
Mercedes Benz Ml 350 2013,23900,83494,Automática - Secuencial,Gasolina,https://neoauto.com/auto/usado/mercedes-benz-ml-350-2013-1860713,2013,Mercedes,Benz Ml 350
Mercedes Benz Glc 250 4matic 2020,28500,50000,Automática,Gasolina,https://neoauto.com/auto/usado/mercedes-benz-glc-250-4matic-2020-1861748,2020,Mercedes,Benz Glc 250 4matic
Toyota Ae-86 1984,12500,3000,Mecánica,Gasolina,https://neoauto.com/auto/usado/toyota-ae-86-1984-1859356,1984,Toyota,Ae-86
Chevrolet Corvette 2026,149000,0,Automática - Secuencial,Gasolina,https://neoauto.com/auto/usado/chevrolet-corvette-2026-1857384,2026,Chevrolet,Corvette
Bmw X2 20i 2019,27900,40000,Automática - Secuencial,Gasolina,https://neoauto.com/auto/usado/bmw-x2-20i-2019-1863813,2019,Bmw,X2 20i
Mini Cooper 2014,13900,41090,Automática,Gasolina,https://neoauto.com/auto/usado/mini-cooper-2014-1863872,2014,Mini,Cooper
Subaru Impreza Wrx 2019,22000,73200,Mecánica,Gasolina,https://neoauto.com/auto/usado/subaru-impreza-wrx-2019-1856558,2019,Subaru,Impreza Wrx
Volvo S60 2018,21900,36036,Automática - Secuencial,Gasolina,https://neoauto.com/auto/usado/volvo-s60-2018-1863470,2018,Volvo,S60
Volvo Xc-60 2023,55900,15000,Automática - Secuencial,Gasolina,https://neoauto.com/auto/usado/volvo-xc-60-2023-1863816,2023,Volvo,Xc-60
Hyundai Veloster 2014,13500,163000,Mecánica,Gas GLP,https://neoauto.com/auto/usado/hyundai-veloster-2014-1863159,2014,Hyundai,Veloster
Byd S6 2014,7800,103700,Mecánica,Gasolina,https://neoauto.com/auto/usado/byd-s6-2014-1858281,2014,Byd,S6
Honda Odyssey 2020,25900,72000,Automática - Secuencial,Gasolina,https://neoauto.com/auto/usado/honda-odyssey-2020-1839887,2020,Honda,Odyssey
Mitsubishi Montero Sport 2019,38000,45000,Automática - Secuencial,Diesel,https://neoauto.com/auto/usado/mitsubishi-montero-sport-2019-1861335,2019,Mitsubishi,Montero Sport
Kia Niro 2024,28900,4000,Automática - Secuencial,Gasolina,https://neoauto.com/auto/usado/kia-niro-2024-1863814,2024,Kia,Niro
Bmw X3 28i 2016,19000,113000,Automática - Secuencial,Gasolina,https://neoauto.com/auto/usado/bmw-x3-28i-2016-1861678,2016,Bmw,X3 28i
Audi A4 2006,7700,137000,Automática,Gasolina,https://neoauto.com/auto/usado/audi-a4-2006-1862582,2006,Audi,A4
Audi A4 2017,21500,44000,Automática - Secuencial,Gasolina,https://neoauto.com/auto/usado/audi-a4-2017-1850385,2017,Audi,A4
Bmw X3 20i 2021,38000,66800,Automática - Secuencial,Gasolina,https://neoauto.com/auto/usado/bmw-x3-20i-2021-1860319,2021,Bmw,X3 20i
Mercedes Benz Glc 250 4matic 2019,27300,62,Automática - Secuencial,Gasolina,https://neoauto.com/auto/usado/mercedes-benz-glc-250-4matic-2019-1826605,2019,Mercedes,Benz Glc 250 4matic
Audi A3 Sedan 2019,20500,61800,Automática - Secuencial,Gasolina,https://neoauto.com/auto/usado/audi-a3-sedan-2019-1856778,2019,Audi,A3 Sedan
Hyundai Accent 2024,16800,35,Automática,Gas GLP,https://neoauto.com/auto/usado/hyundai-accent-2024-1851421,2024,Hyundai,Accent
Peugeot 308 2013,19900,12710,Mecánica,Gasolina,https://neoauto.com/auto/usado/peugeot-308-2013-1863943,2013,Peugeot,308
Mercedes Benz Gle 400 4matic 2016,29300,75800,Automática - Secuencial,Gasolina,https://neoauto.com/auto/usado/mercedes-benz-gle-400-4matic-2016-1863882,2016,Mercedes,Benz Gle 400 4matic
Audi Q3 2018,20950,68500,Automática - Secuencial,Gasolina,https://neoauto.com/auto/usado/audi-q3-2018-1858064,2018,Audi,Q3
Mazda Cx-3 2023,22500,13000,Automática - Secuencial,Gasolina,https://neoauto.com/auto/usado/mazda-cx-3-2023-1863906,2023,Mazda,Cx-3
Kia Sorento 2021,29900,36700,Automática,Gasolina,https://neoauto.com/auto/usado/kia-sorento-2021-1863079,2021,Kia,Sorento
Audi A3 Sedan 2018,22500,43500,Automática - Secuencial,Gasolina,https://neoauto.com/auto/usado/audi-a3-sedan-2018-1849671,2018,Audi,A3 Sedan
Peugeot 3008 2022,22000,65000,Automática,Gasolina,https://neoauto.com/auto/usado/peugeot-3008-2022-1834323,2022,Peugeot,3008
Jeep Renegade 2018,15700,55,Mecánica,Gasolina,https://neoauto.com/auto/usado/jeep-renegade-2018-1853144,2018,Jeep,Renegade
Audi A3 Sedan 2018,19200,55000,Automática - Secuencial,Gasolina,https://neoauto.com/auto/usado/audi-a3-sedan-2018-1860907,2018,Audi,A3 Sedan
Volkswagen Amarok 2016,19500,256000,Automática,Diesel,https://neoauto.com/auto/usado/volkswagen-amarok-2016-1857610,2016,Volkswagen,Amarok
Jaguar Xe 2017,17900,53000,Automática - Secuencial,Gasolina,https://neoauto.com/auto/usado/jaguar-xe-2017-1864040,2017,Jaguar,Xe
Audi Q5 2017,25500,46500,Automática - Secuencial,Gasolina,https://neoauto.com/auto/usado/audi-q5-2017-1817724,2017,Audi,Q5
Bmw 530i 2017,23900,54900,Automática - Secuencial,Gasolina,https://neoauto.com/auto/usado/bmw-530i-2017-1860937,2017,Bmw,530i
Volvo V40 2017,15400,51000,Automática - Secuencial,Gasolina,https://neoauto.com/auto/usado/volvo-v40-2017-1862360,2017,Volvo,V40
Mercedes Benz C63 Amg S 2017,59900,42300,Automática,Gasolina,https://neoauto.com/auto/usado/mercedes-benz-c63-amg-s-2017-1860375,2017,Mercedes,Benz C63 Amg S
Mercedes Benz C-180 2018,19500,69000,Automática - Secuencial,Gasolina,https://neoauto.com/auto/usado/mercedes-benz-c-180-2018-1861495,2018,Mercedes,Benz C-180
Bmw 120i 2017,14700,91000,Mecánica,Gasolina,https://neoauto.com/auto/usado/bmw-120i-2017-1858462,2017,Bmw,120i
Chevrolet Onix 2023,12800,27000,Mecánica,Gasolina,https://neoauto.com/auto/usado/chevrolet-onix-2023-1855532,2023,Chevrolet,Onix
Bmw I5 2024,79000,52000,Automática - Secuencial,Eléctrico,https://neoauto.com/auto/usado/bmw-i5-2024-1863594,2024,Bmw,I5
Bmw X5 2013,17000,92000,Automática - Secuencial,Gasolina,https://neoauto.com/auto/usado/bmw-x5-2013-1861754,2013,Bmw,X5
Honda Pilot 2022,35000,61000,Automática - Secuencial,Gasolina,https://neoauto.com/auto/usado/honda-pilot-2022-1847465,2022,Honda,Pilot
Land Rover Range Rover Sport 2019,59900,47129,Automática - Secuencial,Gasolina,https://neoauto.com/auto/usado/land-rover-range-rover-sport-2019-1843664,2019,Land,Rover Range Rover Sport
Ford Explorer 2025,57900,3200,Automática,Gasolina,https://neoauto.com/auto/usado/ford-explorer-2025-1861519,2025,Ford,Explorer
Jeep Grand Cherokee Laredo 2016,20500,78000,Automática - Secuencial,Gasolina,https://neoauto.com/auto/usado/jeep-grand-cherokee-laredo-2016-1845224,2016,Jeep,Grand Cherokee Laredo
Volkswagen Teramont 2022,36900,77313,Automática,Gasolina,https://neoauto.com/auto/usado/volkswagen-teramont-2022-1859889,2022,Volkswagen,Teramont
Jeep Grand Cherokee Laredo 2018,22200,79800,Automática,Gasolina,https://neoauto.com/auto/usado/jeep-grand-cherokee-laredo-2018-1845857,2018,Jeep,Grand Cherokee Laredo
Jeep Cherokee Longitude 2019,16800,48000,Automática - Secuencial,Gasolina,https://neoauto.com/auto/usado/jeep-cherokee-longitude-2019-1861670,2019,Jeep,Cherokee Longitude
Mercedes Benz Gle 63 S Amg 2017,59900,55724,Automática,Gasolina,https://neoauto.com/auto/usado/mercedes-benz-gle-63-s-amg-2017-1860382,2017,Mercedes,Benz Gle 63 S Amg
Maserati Levante 2019,85900,7806,Automática,Gasolina,https://neoauto.com/auto/usado/maserati-levante-2019-1859886,2019,Maserati,Levante
Honda Cr-V 2017,18000,72400,Automática,Gasolina,https://neoauto.com/auto/usado/honda-cr-v-2017-1863957,2017,Honda,Cr-V
Ford Expedition 2021,49900,46316,Automática - Secuencial,Gasolina,https://neoauto.com/auto/usado/ford-expedition-2021-1862861,2021,Ford,Expedition
Ford F-150 Raptor 2018,51000,33000,Automática - Secuencial,Gasolina,https://neoauto.com/auto/usado/ford-f-150-raptor-2018-1845647,2018,Ford,F-150 Raptor
Mitsubishi Montero Sport 2024,45000,33000,Automática - Secuencial,Gasolina,https://neoauto.com/auto/usado/mitsubishi-montero-sport-2024-1863631,2024,Mitsubishi,Montero Sport
Subaru Impreza 2023,19000,25000,Automática,Gasolina,https://neoauto.com/auto/usado/subaru-impreza-2023-1862066,2023,Subaru,Impreza
Bmw X2 20i 2021,33500,45000,Automática - Secuencial,Gasolina,https://neoauto.com/auto/usado/bmw-x2-20i-2021-1857231,2021,Bmw,X2 20i
Bmw X4 20i 2017,24900,90000,Automática - Secuencial,Gasolina,https://neoauto.com/auto/usado/bmw-x4-20i-2017-1863223,2017,Bmw,X4 20i
Mercedes Benz A45 Amg 2022,69990,11900,Automática - Secuencial,Gasolina,https://neoauto.com/auto/usado/mercedes-benz-a45-amg-2022-1857899,2022,Mercedes,Benz A45 Amg
Volkswagen Tiguan Allspace 2018,16800,78043,Automática,Gasolina,https://neoauto.com/auto/usado/volkswagen-tiguan-allspace-2018-1863772,2018,Volkswagen,Tiguan Allspace
Mazda Bt-50 2022,22500,113000,Mecánica,Diesel,https://neoauto.com/auto/usado/mazda-bt-50-2022-1856309,2022,Mazda,Bt-50
Citroen Ds-3 2018,13900,38554,Automática - Secuencial,Gasolina,https://neoauto.com/auto/usado/citroen-ds-3-2018-1855338,2018,Citroen,Ds-3
Mercedes Benz Cla 200 Coupe 2022,31900,56000,Automática - Secuencial,Gasolina,https://neoauto.com/auto/usado/mercedes-benz-cla-200-coupe-2022-1849443,2022,Mercedes,Benz Cla 200 Coupe
Jeep Compass 2013,12200,53000,Automática - Secuencial,Gasolina,https://neoauto.com/auto/usado/jeep-compass-2013-1848625,2013,Jeep,Compass
Bmw X4 M40i 2019,46900,49510,Automática - Secuencial,Gasolina,https://neoauto.com/auto/usado/bmw-x4-m40i-2019-1858713,2019,Bmw,X4 M40i
Honda Pilot 2022,36900,46857,Automática,Gasolina,https://neoauto.com/auto/usado/honda-pilot-2022-1859875,2022,Honda,Pilot
Bmw 530i 2018,37000,20000,Automática - Secuencial,Gasolina,https://neoauto.com/auto/usado/bmw-530i-2018-1744146,2018,Bmw,530i
Maserati Grecale 2024,85000,9676,Automática - Secuencial,Gasolina,https://neoauto.com/auto/usado/maserati-grecale-2024-1860843,2024,Maserati,Grecale
Land Rover Range Rover Velar 2018,47500,56000,Automática - Secuencial,Gasolina,https://neoauto.com/auto/usado/land-rover-range-rover-velar-2018-1853722,2018,Land,Rover Range Rover Velar
Bmw M6 2005,20500,86815,Automática,Gasolina,https://neoauto.com/auto/usado/bmw-m6-2005-1845072,2005,Bmw,M6
Nissan X-Trail 2019,20900,79000,Automática - Secuencial,Gasolina,https://neoauto.com/auto/usado/nissan-x-trail-2019-1855541,2019,Nissan,X-Trail
Volkswagen Tiguan Allspace 2019,19900,57000,Automática - Secuencial,Gasolina,https://neoauto.com/auto/usado/volkswagen-tiguan-allspace-2019-1863322,2019,Volkswagen,Tiguan Allspace
Bmw 535-I 2012,13900,99000,Automática,Gasolina,https://neoauto.com/auto/usado/bmw-535-i-2012-1847566,2012,Bmw,535-I
Ford Ranger Limited 2022,34900,38000,Automática,Diesel,https://neoauto.com/auto/usado/ford-ranger-limited-2022-1858421,2022,Ford,Ranger Limited
Toyota Etios 2022,10900,67000,Mecánica,Gas GNV,https://neoauto.com/auto/usado/toyota-etios-2022-1863439,2022,Toyota,Etios
Nissan X-Trail 2024,26500,36000,Automática - Secuencial,Gasolina,https://neoauto.com/auto/usado/nissan-x-trail-2024-1827929,2024,Nissan,X-Trail
Jeep Compass 2025,35900,26,Automática,Gasolina,https://neoauto.com/auto/usado/jeep-compass-2025-1859284,2025,Jeep,Compass
Haval All New H6 2022,16900,57310,Automática - Secuencial,Gasolina,https://neoauto.com/auto/usado/haval-all-new-h6-2022-1863031,2022,Haval,All New H6
Bmw 218i Gran Coupe 2020,22900,49000,Automática - Secuencial,Gasolina,https://neoauto.com/auto/usado/bmw-218i-gran-coupe-2020-1864035,2020,Bmw,218i Gran Coupe
Ford Explorer 2018,28000,66500,Automática - Secuencial,Gasolina,https://neoauto.com/auto/usado/ford-explorer-2018-1852361,2018,Ford,Explorer
Mercedes Benz Gla 200 2023,40990,4500,Automática,Gasolina,https://neoauto.com/auto/usado/mercedes-benz-gla-200-2023-1860472,2023,Mercedes,Benz Gla 200
Bmw 335i 2012,16000,110000,Automática - Secuencial,Gasolina,https://neoauto.com/auto/usado/bmw-335i-2012-1856810,2012,Bmw,335i
Bmw 520-I 2018,22500,68500,Automática - Secuencial,Gasolina,https://neoauto.com/auto/usado/bmw-520-i-2018-1862207,2018,Bmw,520-I
Jeep Grand Cherokee Laredo 2018,21710,63000,Automática,Gasolina,https://neoauto.com/auto/usado/jeep-grand-cherokee-laredo-2018-1863092,2018,Jeep,Grand Cherokee Laredo
Toyota Rav4 2016,16900,168000,Automática - Secuencial,Gas GNV,https://neoauto.com/auto/usado/toyota-rav4-2016-1856242,2016,Toyota,Rav4
Ford Explorer 2025,66900,8700,Automática - Secuencial,Gasolina,https://neoauto.com/auto/usado/ford-explorer-2025-1861588,2025,Ford,Explorer
Volkswagen New Beetle 2015,15250,73500,Automática,Gasolina,https://neoauto.com/auto/usado/volkswagen-new-beetle-2015-1840899,2015,Volkswagen,New Beetle
Mazda 3 2015,14900,66000,Automática - Secuencial,Gasolina,https://neoauto.com/auto/usado/mazda-3-2015-1863317,2015,Mazda,3
Land Rover Defender 1998,34000,258000,Mecánica,Diesel,https://neoauto.com/auto/usado/land-rover-defender-1998-1858125,1998,Land,Rover Defender
Porsche 928 1986,61500,112744,Automática,Gasolina,https://neoauto.com/auto/usado/porsche-928-1986-1861110,1986,Porsche,928
Audi A7 2014,22500,60200,Automática - Secuencial,Gasolina,https://neoauto.com/auto/usado/audi-a7-2014-1861960,2014,Audi,A7
Suzuki Kizashi 2013,8950,73029,Automática - Secuencial,Gasolina,https://neoauto.com/auto/usado/suzuki-kizashi-2013-1863864,2013,Suzuki,Kizashi
Nissan Qashqai 2018,16300,63200,Mecánica,Gasolina,https://neoauto.com/auto/usado/nissan-qashqai-2018-1859393,2018,Nissan,Qashqai
Citroen C5 Aircross 2023,22500,800,Automática - Secuencial,Gasolina,https://neoauto.com/auto/usado/citroen-c5-aircross-2023-1863600,2023,Citroen,C5 Aircross
Mahindra Pik Up 2018,10500,118000,Mecánica,Diesel,https://neoauto.com/auto/usado/mahindra-pik-up-2018-1859998,2018,Mahindra,Pik Up
Ssangyong Actyon 2010,5990,129000,Mecánica,Gasolina,https://neoauto.com/auto/usado/ssangyong-actyon-2010-1856376,2010,Ssangyong,Actyon
Nissan Tiida 2013,8500,66500,Mecánica,Gasolina,https://neoauto.com/auto/usado/nissan-tiida-2013-1862777,2013,Nissan,Tiida
Subaru Forester 2015,13999,113900,Automática - Secuencial,Gasolina,https://neoauto.com/auto/usado/subaru-forester-2015-1859314,2015,Subaru,Forester
Nissan Tiida 2011,6500,270000,Mecánica,Gas GLP,https://neoauto.com/auto/usado/nissan-tiida-2011-1857118,2011,Nissan,Tiida
Peugeot 2008 2023,16800,10700,Automática - Secuencial,Dual,https://neoauto.com/auto/usado/peugeot-2008-2023-1863193,2023,Peugeot,2008
Bmw X5 35i 2016,25000,89900,Automática,Gasolina,https://neoauto.com/auto/usado/bmw-x5-35i-2016-1854456,2016,Bmw,X5 35i
Maserati Ghibli 2019,57900,10000,Automática - Secuencial,Gasolina,https://neoauto.com/auto/usado/maserati-ghibli-2019-1864042,2019,Maserati,Ghibli
Kia Sorento 2011,11200,257000,Automática - Secuencial,Gasolina,https://neoauto.com/auto/usado/kia-sorento-2011-1856438,2011,Kia,Sorento
Bmw X4 30i 2023,59900,11800,Automática - Secuencial,Gasolina,https://neoauto.com/auto/usado/bmw-x4-30i-2023-1849169,2023,Bmw,X4 30i
Land Rover Range Rover Sport 2023,125000,3500,Automática - Secuencial,Gasolina,https://neoauto.com/auto/usado/land-rover-range-rover-sport-2023-1863796,2023,Land,Rover Range Rover Sport
Jeep Compass Sport 2022,19990,39000,Automática,Gasolina,https://neoauto.com/auto/usado/jeep-compass-sport-2022-1858683,2022,Jeep,Compass Sport
Subaru Impreza 2017,13800,64300,Automática - Secuencial,Gasolina,https://neoauto.com/auto/usado/subaru-impreza-2017-1852315,2017,Subaru,Impreza
Peugeot 2008 2023,15990,45000,Mecánica,Gasolina,https://neoauto.com/auto/usado/peugeot-2008-2023-1856360,2023,Peugeot,2008
Bmw X5 M50i 2021,68500,22500,Automática - Secuencial,Gasolina,https://neoauto.com/auto/usado/bmw-x5-m50i-2021-1860594,2021,Bmw,X5 M50i
Toyota Land Cruiser Prado 2017,39000,66933,Mecánica,Gasolina,https://neoauto.com/auto/usado/toyota-land-cruiser-prado-2017-1863897,2017,Toyota,Land Cruiser Prado
Ford F-250 Lariat Super Duty 2025,198000,50,Automática - Secuencial,Diesel,https://neoauto.com/auto/usado/ford-f-250-lariat-super-duty-2025-1861533,2025,Ford,F-250 Lariat Super Duty
Mazda 3 2019,15500,57298,Automática,Gasolina,https://neoauto.com/auto/usado/mazda-3-2019-1856987,2019,Mazda,3
Bmw 318i 2018,17200,65000,Automática - Secuencial,Gasolina,https://neoauto.com/auto/usado/bmw-318i-2018-1846957,2018,Bmw,318i
Volkswagen Touareg 2007,12000,165000,Automática - Secuencial,Gasolina,https://neoauto.com/auto/usado/volkswagen-touareg-2007-1859563,2007,Volkswagen,Touareg
Jaguar Xj 2017,37500,67000,Automática,Gasolina,https://neoauto.com/auto/usado/jaguar-xj-2017-1858979,2017,Jaguar,Xj
Mazda Cx-5 2024,31000,17300,Automática - Secuencial,Gasolina,https://neoauto.com/auto/usado/mazda-cx-5-2024-1860823,2024,Mazda,Cx-5
Nissan X-Trail E-Power 2024,35900,6500,Automática,Gasolina,https://neoauto.com/auto/usado/nissan-x-trail-e-power-2024-1863221,2024,Nissan,X-Trail E-Power
Bmw X3 20i 2015,17900,77345,Automática - Secuencial,Gasolina,https://neoauto.com/auto/usado/bmw-x3-20i-2015-1856405,2015,Bmw,X3 20i
Jeep Grand Cherokee Laredo 2019,28900,60400,Automática - Secuencial,Gasolina,https://neoauto.com/auto/usado/jeep-grand-cherokee-laredo-2019-1863547,2019,Jeep,Grand Cherokee Laredo
Mazda Cx-5 2025,27800,6500,Automática,Gasolina,https://neoauto.com/auto/usado/mazda-cx-5-2025-1861302,2025,Mazda,Cx-5
Mercedes Benz Glb 200 2022,45000,18000,Automática,Gasolina,https://neoauto.com/auto/usado/mercedes-benz-glb-200-2022-1860553,2022,Mercedes,Benz Glb 200
Jeep Compass 2023,22700,39000,Automática,Gasolina,https://neoauto.com/auto/usado/jeep-compass-2023-1863431,2023,Jeep,Compass
Peugeot 2008 2023,17990,28000,Automática - Secuencial,Gasolina,https://neoauto.com/auto/usado/peugeot-2008-2023-1842917,2023,Peugeot,2008
Kia Rio 2013,10500,90600,Automática,Gasolina,https://neoauto.com/auto/usado/kia-rio-2013-1862738,2013,Kia,Rio
Volkswagen Tiguan 2013,11000,125100,Automática - Secuencial,Gasolina,https://neoauto.com/auto/usado/volkswagen-tiguan-2013-1856319,2013,Volkswagen,Tiguan
Nissan Qashqai 2021,19000,97000,Automática - Secuencial,Gasolina,https://neoauto.com/auto/usado/nissan-qashqai-2021-1857775,2021,Nissan,Qashqai
Bmw X5 30d 2017,29900,100557,Automática,Diesel,https://neoauto.com/auto/usado/bmw-x5-30d-2017-1861168,2017,Bmw,X5 30d
Mini John Cooper Works 2025,46000,3800,Automática - Secuencial,Gasolina,https://neoauto.com/auto/usado/mini-john-cooper-works-2025-1856098,2025,Mini,John Cooper Works
Volkswagen Tiguan Allspace 2020,22500,44500,Automática - Secuencial,Gasolina,https://neoauto.com/auto/usado/volkswagen-tiguan-allspace-2020-1863994,2020,Volkswagen,Tiguan Allspace
Honda Cr-V 2022,28900,25000,Automática - Secuencial,Gasolina,https://neoauto.com/auto/usado/honda-cr-v-2022-1862008,2022,Honda,Cr-V
Bmw 540i 2018,37000,25000,Automática - Secuencial,Gasolina,https://neoauto.com/auto/usado/bmw-540i-2018-1863754,2018,Bmw,540i
Bmw X3 30i 2018,29900,92,Automática - Secuencial,Gasolina,https://neoauto.com/auto/usado/bmw-x3-30i-2018-1817188,2018,Bmw,X3 30i
Bmw X6 30d 2018,41500,75900,Automática - Secuencial,Diesel,https://neoauto.com/auto/usado/bmw-x6-30d-2018-1859949,2018,Bmw,X6 30d
Nissan Pathfinder 2012,15900,210000,Automática - Secuencial,Diesel,https://neoauto.com/auto/usado/nissan-pathfinder-2012-1837759,2012,Nissan,Pathfinder
Bmw X3 20i 2017,18500,100000,Automática,Gasolina,https://neoauto.com/auto/usado/bmw-x3-20i-2017-1857560,2017,Bmw,X3 20i
Bmw X3 20i 2024,51000,7000,Automática - Secuencial,Gasolina,https://neoauto.com/auto/usado/bmw-x3-20i-2024-1844803,2024,Bmw,X3 20i
Chevrolet All New Captiva 2021,18000,37000,Automática - Secuencial,Dual,https://neoauto.com/auto/usado/chevrolet-all-new-captiva-2021-1863154,2021,Chevrolet,All New Captiva
Mercedes Benz Gle 63 S Amg 4matic Coupe 2017,64500,69962,Automática - Secuencial,Gasolina,https://neoauto.com/auto/usado/mercedes-benz-gle-63-s-amg-4matic-coupe-2017-1862963,2017,Mercedes,Benz Gle 63 S Amg 4matic Coupe
Bmw 520-I 2018,23500,48000,Automática - Secuencial,Gasolina,https://neoauto.com/auto/usado/bmw-520-i-2018-1863406,2018,Bmw,520-I
Bmw X5 35i 2014,20500,60500,Automática,Gasolina,https://neoauto.com/auto/usado/bmw-x5-35i-2014-1725746,2014,Bmw,X5 35i
Porsche Macan 2025,79900,8000,Automática - Secuencial,Gasolina,https://neoauto.com/auto/usado/porsche-macan-2025-1862229,2025,Porsche,Macan
Mercedes Benz Gle 400 4matic 2017,33900,65600,Automática - Secuencial,Gasolina,https://neoauto.com/auto/usado/mercedes-benz-gle-400-4matic-2017-1860973,2017,Mercedes,Benz Gle 400 4matic
Ford F-150 2012,21990,155000,Automática,Gasolina,https://neoauto.com/auto/usado/ford-f-150-2012-1838508,2012,Ford,F-150
Bmw X1 18i 2021,25990,50000,Automática - Secuencial,Gasolina,https://neoauto.com/auto/usado/bmw-x1-18i-2021-1856876,2021,Bmw,X1 18i
Bmw X5 35i 2016,27500,56000,Automática - Secuencial,Gasolina,https://neoauto.com/auto/usado/bmw-x5-35i-2016-1858386,2016,Bmw,X5 35i
Mercedes Benz A-180 2017,15900,58344,Mecánica,Gasolina,https://neoauto.com/auto/usado/mercedes-benz-a-180-2017-1792651,2017,Mercedes,Benz A-180
Honda Odyssey 2012,10800,166500,Automática - Secuencial,Gasolina,https://neoauto.com/auto/usado/honda-odyssey-2012-1863885,2012,Honda,Odyssey
Dodge Durango 2018,30000,30050,Automática - Secuencial,Gasolina,https://neoauto.com/auto/usado/dodge-durango-2018-1862509,2018,Dodge,Durango
Bmw 218i Gran Coupe 2022,26000,40000,Automática - Secuencial,Gasolina,https://neoauto.com/auto/usado/bmw-218i-gran-coupe-2022-1862666,2022,Bmw,218i Gran Coupe
Ford Territory 2025,22999,2800,Automática,Gasolina,https://neoauto.com/auto/usado/ford-territory-2025-1863803,2025,Ford,Territory
Volkswagen Jetta 2020,16800,68000,Automática - Secuencial,Gasolina,https://neoauto.com/auto/usado/volkswagen-jetta-2020-1851916,2020,Volkswagen,Jetta
Mercedes Benz Gle 400 4matic 2018,50000,50000,Automática,Gasolina,https://neoauto.com/auto/usado/mercedes-benz-gle-400-4matic-2018-1858736,2018,Mercedes,Benz Gle 400 4matic
Bmw X4 20i 2025,55000,17500,Automática - Secuencial,Gasolina,https://neoauto.com/auto/usado/bmw-x4-20i-2025-1856559,2025,Bmw,X4 20i
Suzuki Swift 2022,13100,2000,Mecánica,Gasolina,https://neoauto.com/auto/usado/suzuki-swift-2022-1861875,2022,Suzuki,Swift
Volkswagen Crossfox 2020,12900,48000,Mecánica,Gasolina,https://neoauto.com/auto/usado/volkswagen-crossfox-2020-1863211,2020,Volkswagen,Crossfox
Ford Bronco 2024,72900,4000,Automática - Secuencial,Gasolina,https://neoauto.com/auto/usado/ford-bronco-2024-1861294,2024,Ford,Bronco
Jeep Grand Cherokee Laredo 2018,24900,48500,Automática - Secuencial,Gasolina,https://neoauto.com/auto/usado/jeep-grand-cherokee-laredo-2018-1857457,2018,Jeep,Grand Cherokee Laredo
Toyota Yaris 2024,16950,23900,Automática - Secuencial,Gasolina,https://neoauto.com/auto/usado/toyota-yaris-2024-1863290,2024,Toyota,Yaris
Bmw 335i 2010,18900,1,Automática - Secuencial,Gasolina,https://neoauto.com/auto/usado/bmw-335i-2010-1863273,2010,Bmw,335i
Kia Sonet 2024,16800,32000,Mecánica,Gasolina,https://neoauto.com/auto/usado/kia-sonet-2024-1862196,2024,Kia,Sonet
Mercedes Benz Ml 350 2013,21800,60000,Automática - Secuencial,Gasolina,https://neoauto.com/auto/usado/mercedes-benz-ml-350-2013-1850053,2013,Mercedes,Benz Ml 350
Kia Sportage 2018,16499,94300,Mecánica,Gasolina,https://neoauto.com/auto/usado/kia-sportage-2018-1856014,2018,Kia,Sportage
Dodge Durango 2021,38250,18000,Automática - Secuencial,Gasolina,https://neoauto.com/auto/usado/dodge-durango-2021-1863034,2021,Dodge,Durango
Bmw X5 40i 2022,66500,18800,Automática - Secuencial,Gasolina,https://neoauto.com/auto/usado/bmw-x5-40i-2022-1807518,2022,Bmw,X5 40i
Volkswagen Gol 2021,11900,59000,Mecánica,Gasolina,https://neoauto.com/auto/usado/volkswagen-gol-2021-1860204,2021,Volkswagen,Gol
Bmw X5 M 2015,25000,74000,Automática,Gasolina,https://neoauto.com/auto/usado/bmw-x5-m-2015-1856792,2015,Bmw,X5 M
Mazda Cx-5 2025,32000,21300,Automática - Secuencial,Gasolina,https://neoauto.com/auto/usado/mazda-cx-5-2025-1855873,2025,Mazda,Cx-5
Volkswagen T-Cross 2021,19900,29000,Automática - Secuencial,Gasolina,https://neoauto.com/auto/usado/volkswagen-t-cross-2021-1859129,2021,Volkswagen,T-Cross
Porsche Macan 2024,68000,26000,Automática - Secuencial,Gasolina,https://neoauto.com/auto/usado/porsche-macan-2024-1859965,2024,Porsche,Macan
Audi Tt 2010,22000,89500,Mecánica,Gasolina,https://neoauto.com/auto/usado/audi-tt-2010-1863613,2010,Audi,Tt
Jeep Grand Cherokee Srt 2021,40000,63000,Automática - Secuencial,Gasolina,https://neoauto.com/auto/usado/jeep-grand-cherokee-srt-2021-1862387,2021,Jeep,Grand Cherokee Srt
Toyota Hiace 2015,17500,172576,Mecánica,Diesel,https://neoauto.com/auto/usado/toyota-hiace-2015-1823681,2015,Toyota,Hiace
Hyundai I30 2016,14000,90000,Automática - Secuencial,Gasolina,https://neoauto.com/auto/usado/hyundai-i30-2016-1863369,2016,Hyundai,I30
Volvo S60 2017,14900,102000,Automática - Secuencial,Gasolina,https://neoauto.com/auto/usado/volvo-s60-2017-1644797,2017,Volvo,S60
Subaru All New Forester 2017,16300,112000,Automática - Secuencial,Gasolina,https://neoauto.com/auto/usado/subaru-all-new-forester-2017-1857686,2017,Subaru,All New Forester
Aston Martin Rapide 2013,73900,8900,Automática - Secuencial,Gasolina,https://neoauto.com/auto/usado/aston-martin-rapide-2013-1861524,2013,Aston,Martin Rapide
Bmw X5 35i 2018,38500,75000,Automática - Secuencial,Gasolina,https://neoauto.com/auto/usado/bmw-x5-35i-2018-1854568,2018,Bmw,X5 35i
Mg Zx Plus 2023,15500,35000,Automática - Secuencial,Dual,https://neoauto.com/auto/usado/mg-zx-plus-2023-1856853,2023,Mg,Zx Plus
Mercedes Benz Ml 320 2001,7200,279000,Automática,Gasolina,https://neoauto.com/auto/usado/mercedes-benz-ml-320-2001-1858211,2001,Mercedes,Benz Ml 320
Hyundai Venue 2024,17350,15500,Mecánica,Gas GLP,https://neoauto.com/auto/usado/hyundai-venue-2024-1855675,2024,Hyundai,Venue
Bmw X1 18i 2024,45000,13000,Automática,Gasolina,https://neoauto.com/auto/usado/bmw-x1-18i-2024-1863486,2024,Bmw,X1 18i
Bmw 120i 2013,15500,121000,Automática,Gasolina,https://neoauto.com/auto/usado/bmw-120i-2013-1848627,2013,Bmw,120i
Jeep Liberty 2003,6000,224067,Automática,Gas GNV,https://neoauto.com/auto/usado/jeep-liberty-2003-1861167,2003,Jeep,Liberty
Chevrolet Captiva 2021,14000,121842,Mecánica,Dual,https://neoauto.com/auto/usado/chevrolet-captiva-2021-1861794,2021,Chevrolet,Captiva
Toyota Corolla Cross 2025,29500,19800,Automática,Gasolina,https://neoauto.com/auto/usado/toyota-corolla-cross-2025-1859860,2025,Toyota,Corolla Cross
Subaru Xv 2018,14500,149000,Automática - Secuencial,Gasolina,https://neoauto.com/auto/usado/subaru-xv-2018-1860424,2018,Subaru,Xv
Peugeot 207 2010,5500,160000,Mecánica,Dual,https://neoauto.com/auto/usado/peugeot-207-2010-1856366,2010,Peugeot,207
Ford Escape Se 2013,15400,51000,Automática,Gasolina,https://neoauto.com/auto/usado/ford-escape-se-2013-1856747,2013,Ford,Escape Se
Renault Oroch 2023,13500,70000,Mecánica,Gasolina,https://neoauto.com/auto/usado/renault-oroch-2023-1854921,2023,Renault,Oroch
Bmw 120i 2018,19000,29900,Automática - Secuencial,Gasolina,https://neoauto.com/auto/usado/bmw-120i-2018-1857273,2018,Bmw,120i
Honda Cr-V 2019,23000,62000,Automática,Gasolina,https://neoauto.com/auto/usado/honda-cr-v-2019-1862510,2019,Honda,Cr-V
Volkswagen Tiguan Allspace 2019,17100,68000,Automática - Secuencial,Gasolina,https://neoauto.com/auto/usado/volkswagen-tiguan-allspace-2019-1857341,2019,Volkswagen,Tiguan Allspace
Bmw X3 20i 2019,31000,42419,Automática,Gasolina,https://neoauto.com/auto/usado/bmw-x3-20i-2019-1859227,2019,Bmw,X3 20i
Honda Pilot 2017,22900,60000,Automática - Secuencial,Gasolina,https://neoauto.com/auto/usado/honda-pilot-2017-1857568,2017,Honda,Pilot
Ram V700 2019,5800,105000,Mecánica,Dual,https://neoauto.com/auto/usado/ram-v700-2019-1835638,2019,Ram,V700
Jeep Grand Cherokee Overland 2016,22500,120000,Automática - Secuencial,Gasolina,https://neoauto.com/auto/usado/jeep-grand-cherokee-overland-2016-1864032,2016,Jeep,Grand Cherokee Overland
Suzuki Jimny 2023,20000,21000,Automática,Gasolina,https://neoauto.com/auto/usado/suzuki-jimny-2023-1854869,2023,Suzuki,Jimny
Mazda Cx-30 2024,20900,20000,Automática,Gasolina,https://neoauto.com/auto/usado/mazda-cx-30-2024-1856241,2024,Mazda,Cx-30
Mercedes Benz Gle 63 S Amg 4matic Coupe 2024,154000,10000,Automática - Secuencial,Gasolina,https://neoauto.com/auto/usado/mercedes-benz-gle-63-s-amg-4matic-coupe-2024-1859973,2024,Mercedes,Benz Gle 63 S Amg 4matic Coupe
Volkswagen Jetta 2019,13000,55000,Mecánica,Gasolina,https://neoauto.com/auto/usado/volkswagen-jetta-2019-1862444,2019,Volkswagen,Jetta
Suzuki Grand Vitara 2025,19000,50000,Automática - Secuencial,Gasolina,https://neoauto.com/auto/usado/suzuki-grand-vitara-2025-1855585,2025,Suzuki,Grand Vitara
Citroen Berlingo 2024,15000,30000,Mecánica,Diesel,https://neoauto.com/auto/usado/citroen-berlingo-2024-1856795,2024,Citroen,Berlingo
Audi Q3 2023,33900,29000,Automática - Secuencial,Gasolina,https://neoauto.com/auto/usado/audi-q3-2023-1858053,2023,Audi,Q3
Volkswagen Tiguan Allspace 2020,22900,53600,Automática - Secuencial,Gasolina,https://neoauto.com/auto/usado/volkswagen-tiguan-allspace-2020-1857116,2020,Volkswagen,Tiguan Allspace
Mazda Cx-5 2020,20000,73000,Mecánica,Gasolina,https://neoauto.com/auto/usado/mazda-cx-5-2020-1861546,2020,Mazda,Cx-5
Jeep Cherokee Longitude 2016,16500,42663,Automática - Secuencial,Gasolina,https://neoauto.com/auto/usado/jeep-cherokee-longitude-2016-1851741,2016,Jeep,Cherokee Longitude
Volkswagen T-Cross 2020,18000,35000,Automática,Gasolina,https://neoauto.com/auto/usado/volkswagen-t-cross-2020-1861264,2020,Volkswagen,T-Cross
Mercedes Benz C-180 Kompressor 2009,10000,90000,Automática,Gasolina,https://neoauto.com/auto/usado/mercedes-benz-c-180-kompressor-2009-1862549,2009,Mercedes,Benz C-180 Kompressor
Audi A3 1.8tfsi Turbo Cabriolet 2014,15000,72000,Automática - Secuencial,Gasolina,https://neoauto.com/auto/usado/audi-a3-1-8tfsi-turbo-cabriolet-2014-1856710,2014,Audi,A3 1.8tfsi Turbo Cabriolet
Jeep Grand Cherokee Laredo 2010,9500,120000,Automática,Gasolina,https://neoauto.com/auto/usado/jeep-grand-cherokee-laredo-2010-1859890,2010,Jeep,Grand Cherokee Laredo
Volvo S60 2014,11500,54000,Automática,Gasolina,https://neoauto.com/auto/usado/volvo-s60-2014-1849857,2014,Volvo,S60
Jac Js6 2015,5000,0,Automática,Dual,https://neoauto.com/auto/usado/jac-js6-2015-1860139,2015,Jac,Js6
Dodge Journey 2018,16000,72500,Automática,Gasolina,https://neoauto.com/auto/usado/dodge-journey-2018-1808067,2018,Dodge,Journey
Volvo S60 2013,12000,52000,Automática,Gasolina,https://neoauto.com/auto/usado/volvo-s60-2013-1862625,2013,Volvo,S60
Suzuki Sx-4 2008,6350,236000,Mecánica,Gasolina,https://neoauto.com/auto/usado/suzuki-sx-4-2008-1856601,2008,Suzuki,Sx-4
Volvo Xc-40 2020,33500,21000,Automática - Secuencial,Gasolina,https://neoauto.com/auto/usado/volvo-xc-40-2020-1779953,2020,Volvo,Xc-40
Hyundai Creta Grand 2018,16500,36000,Automática,Gasolina,https://neoauto.com/auto/usado/hyundai-creta-grand-2018-1859074,2018,Hyundai,Creta Grand
Land Rover Range Rover P530 Autobiography 2020,84900,18000,Automática,Gasolina,https://neoauto.com/auto/usado/land-rover-range-rover-p530-autobiography-2020-1861320,2020,Land,Rover Range Rover P530 Autobiography
Toyota Rav4 2023,30000,56900,Automática - Secuencial,Gasolina,https://neoauto.com/auto/usado/toyota-rav4-2023-1863400,2023,Toyota,Rav4
Volkswagen Tiguan Allspace 2022,23500,47000,Automática - Secuencial,Gasolina,https://neoauto.com/auto/usado/volkswagen-tiguan-allspace-2022-1858027,2022,Volkswagen,Tiguan Allspace
Chery New Tiggo 7 2024,15800,17924,Automática - Secuencial,Gasolina,https://neoauto.com/auto/usado/chery-new-tiggo-7-2024-1843109,2024,Chery,New Tiggo 7
Jeep Wrangler Unlimited Sahara 2007,23900,52000,Mecánica,Dual,https://neoauto.com/auto/usado/jeep-wrangler-unlimited-sahara-2007-1846505,2007,Jeep,Wrangler Unlimited Sahara
Dfsk Glory 500 2023,12000,30000,Automática - Secuencial,Gasolina,https://neoauto.com/auto/usado/dfsk-glory-500-2023-1860530,2023,Dfsk,Glory 500
Audi A3 Hb 2021,19800,44000,Automática - Secuencial,Gasolina,https://neoauto.com/auto/usado/audi-a3-hb-2021-1861573,2021,Audi,A3 Hb
Mazda Cx-5 2022,21500,86500,Automática - Secuencial,Gasolina,https://neoauto.com/auto/usado/mazda-cx-5-2022-1856838,2022,Mazda,Cx-5
Subaru Impreza Sport 2014,10500,95000,Automática - Secuencial,Gasolina,https://neoauto.com/auto/usado/subaru-impreza-sport-2014-913413,2014,Subaru,Impreza Sport
Honda Cr-V 2023,34700,40000,Automática - Secuencial,Gasolina,https://neoauto.com/auto/usado/honda-cr-v-2023-1864022,2023,Honda,Cr-V
Bmw M 140i 2019,34900,33000,Automática - Secuencial,Gasolina,https://neoauto.com/auto/usado/bmw-m-140i-2019-1831763,2019,Bmw,M 140i
Toyota Tacoma 2025,125000,0,Automática - Secuencial,Gasolina,https://neoauto.com/auto/usado/toyota-tacoma-2025-1861830,2025,Toyota,Tacoma
Mercedes Benz B180 2012,13800,69100,Automática,Gasolina,https://neoauto.com/auto/usado/mercedes-benz-b180-2012-1848854,2012,Mercedes,Benz B180
Subaru Xv 2011,8900,90000,Automática,Gasolina,https://neoauto.com/auto/usado/subaru-xv-2011-1860632,2011,Subaru,Xv
Mercedes Benz A200 2014,17000,51000,Automática - Secuencial,Gasolina,https://neoauto.com/auto/usado/mercedes-benz-a200-2014-1859657,2014,Mercedes,Benz A200
Toyota Rav4 2014,14500,131000,Automática - Secuencial,Gasolina,https://neoauto.com/auto/usado/toyota-rav4-2014-1857833,2014,Toyota,Rav4
Toyota 4runner 2023,49900,87000,Automática - Secuencial,Gasolina,https://neoauto.com/auto/usado/toyota-4runner-2023-1861850,2023,Toyota,4runner
Jeep Renegade 2022,21000,26500,Automática,Gasolina,https://neoauto.com/auto/usado/jeep-renegade-2022-1862686,2022,Jeep,Renegade
Mg Zx 2025,13000,16250,Automática - Secuencial,Gasolina,https://neoauto.com/auto/usado/mg-zx-2025-1863020,2025,Mg,Zx
Toyota Camry 2008,8171,175000,Automática - Secuencial,Gasolina,https://neoauto.com/auto/usado/toyota-camry-2008-1853545,2008,Toyota,Camry
Audi Q5 2014,15900,126100,Automática - Secuencial,Gasolina,https://neoauto.com/auto/usado/audi-q5-2014-1848552,2014,Audi,Q5
Honda Cr-V 2015,15600,121000,Automática,Gasolina,https://neoauto.com/auto/usado/honda-cr-v-2015-1855818,2015,Honda,Cr-V
Audi Q5 2016,19000,71000,Automática - Secuencial,Gasolina,https://neoauto.com/auto/usado/audi-q5-2016-1860681,2016,Audi,Q5
Ford Territory 2021,20500,50000,Automática - Secuencial,Gasolina,https://neoauto.com/auto/usado/ford-territory-2021-1846881,2021,Ford,Territory
Subaru Xv 2022,22000,28100,Automática,Gasolina,https://neoauto.com/auto/usado/subaru-xv-2022-1857315,2022,Subaru,Xv
Ford Territory 2023,22000,35000,Automática,Gasolina,https://neoauto.com/auto/usado/ford-territory-2023-1861346,2023,Ford,Territory
Keyton Fj6450 2022,13000,800,Automática,Eléctrico,https://neoauto.com/auto/usado/keyton-fj6450-2022-1855889,2022,Keyton,Fj6450
Audi A4 E 1.8t Multitronic 2015,14250,52700,Automática - Secuencial,Gasolina,https://neoauto.com/auto/usado/audi-a4-e-1-8t-multitronic-2015-1857857,2015,Audi,A4 E 1.8t Multitronic
Nissan Qashqai 2016,14700,43000,Mecánica,Gasolina,https://neoauto.com/auto/usado/nissan-qashqai-2016-1857399,2016,Nissan,Qashqai
Subaru Impreza Sport 2019,17800,53400,Automática - Secuencial,Gasolina,https://neoauto.com/auto/usado/subaru-impreza-sport-2019-1846403,2019,Subaru,Impreza Sport
Honda Civic 2011,9990,78000,Automática,Gasolina,https://neoauto.com/auto/usado/honda-civic-2011-1856192,2011,Honda,Civic
Mazda Cx-30 2022,18500,45000,Mecánica,Gasolina,https://neoauto.com/auto/usado/mazda-cx-30-2022-1860953,2022,Mazda,Cx-30
Renault Fluence 2018,11200,59000,Automática,Gasolina,https://neoauto.com/auto/usado/renault-fluence-2018-1860525,2018,Renault,Fluence
Mercedes Benz Gle 400 4matic 2017,34000,51219,Automática - Secuencial,Gasolina,https://neoauto.com/auto/usado/mercedes-benz-gle-400-4matic-2017-1851627,2017,Mercedes,Benz Gle 400 4matic
Honda Cr-V 2021,26500,50350,Automática - Secuencial,Gasolina,https://neoauto.com/auto/usado/honda-cr-v-2021-1863319,2021,Honda,Cr-V
Kia Sportage 2017,17400,87772,Automática,Dual,https://neoauto.com/auto/usado/kia-sportage-2017-1862336,2017,Kia,Sportage
Nissan Qashqai 2015,12300,200350,Mecánica,Gas GNV,https://neoauto.com/auto/usado/nissan-qashqai-2015-1854911,2015,Nissan,Qashqai
Chevrolet Tahoe 2021,59990,59000,Automática - Secuencial,Gasolina,https://neoauto.com/auto/usado/chevrolet-tahoe-2021-1862303,2021,Chevrolet,Tahoe
Bmw X1 2018,20000,70500,Automática - Secuencial,Gasolina,https://neoauto.com/auto/usado/bmw-x1-2018-1859928,2018,Bmw,X1
Porsche Cayenne S 2016,33600,67473,Automática - Secuencial,Gasolina,https://neoauto.com/auto/usado/porsche-cayenne-s-2016-1861965,2016,Porsche,Cayenne S
Audi Q2 2019,25000,53000,Automática - Secuencial,Gasolina,https://neoauto.com/auto/usado/audi-q2-2019-1863173,2019,Audi,Q2
Jeep Compass 2020,18500,54500,Automática - Secuencial,Gasolina,https://neoauto.com/auto/usado/jeep-compass-2020-1859753,2020,Jeep,Compass
Mazda 3 2026,24800,40,Automática - Secuencial,Gasolina,https://neoauto.com/auto/usado/mazda-3-2026-1861845,2026,Mazda,3
Bmw 120i 2016,17900,59944,Automática - Secuencial,Gasolina,https://neoauto.com/auto/usado/bmw-120i-2016-1860383,2016,Bmw,120i
Jeep Grand Cherokee Limited 2016,18900,63000,Automática - Secuencial,Gasolina,https://neoauto.com/auto/usado/jeep-grand-cherokee-limited-2016-1861415,2016,Jeep,Grand Cherokee Limited
Volvo Xc-60 2020,31600,82000,Automática - Secuencial,Gasolina,https://neoauto.com/auto/usado/volvo-xc-60-2020-1851671,2020,Volvo,Xc-60
Nissan Pathfinder 2005,7500,350000,Automática,Gas GLP,https://neoauto.com/auto/usado/nissan-pathfinder-2005-1775246,2005,Nissan,Pathfinder
Volkswagen Amarok 2021,31000,66500,Automática - Secuencial,Diesel,https://neoauto.com/auto/usado/volkswagen-amarok-2021-1863968,2021,Volkswagen,Amarok
Mercedes Benz Gl 400 2015,27500,95500,Automática - Secuencial,Gasolina,https://neoauto.com/auto/usado/mercedes-benz-gl-400-2015-1858176,2015,Mercedes,Benz Gl 400
Mazda All New Mazda 3 2024,18800,10150,Mecánica,Gasolina,https://neoauto.com/auto/usado/mazda-all-new-mazda-3-2024-1821216,2024,Mazda,All New Mazda 3
Jeep Compass 2024,29000,16500,Automática - Secuencial,Gasolina,https://neoauto.com/auto/usado/jeep-compass-2024-1832152,2024,Jeep,Compass
Chevrolet Groove 2024,14500,19352,Mecánica,Dual,https://neoauto.com/auto/usado/chevrolet-groove-2024-1862725,2024,Chevrolet,Groove
Jac T8 2025,20500,27500,Automática,Diesel,https://neoauto.com/auto/usado/jac-t8-2025-1863376,2025,Jac,T8
Volvo Xc-40 2024,44990,8600,Automática,Eléctrico,https://neoauto.com/auto/usado/volvo-xc-40-2024-1850544,2024,Volvo,Xc-40
Renault Master 2020,25500,78000,Mecánica,Diesel,https://neoauto.com/auto/usado/renault-master-2020-1838505,2020,Renault,Master
Bmw X3 2020,36000,24500,Automática - Secuencial,Gas,https://neoauto.com/auto/usado/bmw-x3-2020-1855865,2020,Bmw,X3
Volkswagen Tiguan Allspace 2019,17500,64000,Automática,Gasolina,https://neoauto.com/auto/usado/volkswagen-tiguan-allspace-2019-1859428,2019,Volkswagen,Tiguan Allspace
Audi Q5 2012,13500,110000,Automática - Secuencial,Gasolina,https://neoauto.com/auto/usado/audi-q5-2012-1858825,2012,Audi,Q5
Chevrolet Tracker 2023,15900,32000,Mecánica,Gasolina,https://neoauto.com/auto/usado/chevrolet-tracker-2023-1848376,2023,Chevrolet,Tracker
Audi S6 2016,33500,58500,Automática - Secuencial,Gasolina,https://neoauto.com/auto/usado/audi-s6-2016-1855922,2016,Audi,S6
Chery New Tiggo 7 2024,15500,56500,Automática - Secuencial,Gasolina,https://neoauto.com/auto/usado/chery-new-tiggo-7-2024-1863340,2024,Chery,New Tiggo 7
Toyota Corolla Cross 2023,22500,61000,Automática,Gasolina,https://neoauto.com/auto/usado/toyota-corolla-cross-2023-1863152,2023,Toyota,Corolla Cross
Toyota Yaris 2014,12500,75146,Mecánica,Gasolina,https://neoauto.com/auto/usado/toyota-yaris-2014-1861721,2014,Toyota,Yaris
Toyota Fortuner 2018,31000,60000,Automática - Secuencial,Gasolina,https://neoauto.com/auto/usado/toyota-fortuner-2018-1856733,2018,Toyota,Fortuner
Audi A3 Sedan 2017,16700,45500,Automática - Secuencial,Gasolina,https://neoauto.com/auto/usado/audi-a3-sedan-2017-1862817,2017,Audi,A3 Sedan
Mazda Bt-50 2023,22850,70000,Mecánica,Diesel,https://neoauto.com/auto/usado/mazda-bt-50-2023-1860919,2023,Mazda,Bt-50
Dfsk Glory 560 2022,14000,37900,Mecánica,Gasolina,https://neoauto.com/auto/usado/dfsk-glory-560-2022-1861365,2022,Dfsk,Glory 560
Nissan Tiida 2012,8900,54000,Mecánica,Gasolina,https://neoauto.com/auto/usado/nissan-tiida-2012-1816197,2012,Nissan,Tiida
Peugeot 3008 2018,19000,55611,Automática,Gasolina,https://neoauto.com/auto/usado/peugeot-3008-2018-1862761,2018,Peugeot,3008
Kia Sorento 2013,13900,120000,Automática - Secuencial,Gasolina,https://neoauto.com/auto/usado/kia-sorento-2013-1859248,2013,Kia,Sorento
Suzuki Jimny 2017,12000,132803,Mecánica,Gasolina,https://neoauto.com/auto/usado/suzuki-jimny-2017-1861792,2017,Suzuki,Jimny
Nissan Frontier 2024,27000,65000,Mecánica,Diesel,https://neoauto.com/auto/usado/nissan-frontier-2024-1863357,2024,Nissan,Frontier
Ford Explorer 2024,50000,20000,Automática - Secuencial,Gasolina,https://neoauto.com/auto/usado/ford-explorer-2024-1862987,2024,Ford,Explorer
Kia Sportage 2020,22000,44763,Automática,Gasolina,https://neoauto.com/auto/usado/kia-sportage-2020-1861742,2020,Kia,Sportage
Toyota Land Cruiser 2013,29900,160000,Mecánica,Diesel,https://neoauto.com/auto/usado/toyota-land-cruiser-2013-1858058,2013,Toyota,Land Cruiser
Volvo 121 1967,7500,71195,Mecánica,Gasolina,https://neoauto.com/auto/usado/volvo-121-1967-1852802,1967,Volvo,121
Mitsubishi Montero Sport 2023,33500,40500,Automática - Secuencial,Gasolina,https://neoauto.com/auto/usado/mitsubishi-montero-sport-2023-1860403,2023,Mitsubishi,Montero Sport
Audi Q2 2019,26000,44000,Automática - Secuencial,Gasolina,https://neoauto.com/auto/usado/audi-q2-2019-1859143,2019,Audi,Q2
Volvo Ex30 2025,39900,6200,Automática,Eléctrico,https://neoauto.com/auto/usado/volvo-ex30-2025-1859498,2025,Volvo,Ex30
Honda Accord 2010,6500,68000,Automática,Gasolina,https://neoauto.com/auto/usado/honda-accord-2010-1852646,2010,Honda,Accord
Hyundai Santa Fe 2016,22000,6000,Automática,Gasolina,https://neoauto.com/auto/usado/hyundai-santa-fe-2016-1857977,2016,Hyundai,Santa Fe
Dongfeng T5 Evo 2022,16000,48000,Automática - Secuencial,Gasolina,https://neoauto.com/auto/usado/dongfeng-t5-evo-2022-1850397,2022,Dongfeng,T5 Evo
Plymouth Satellite 1969,8990,56702,Mecánica,Gasolina,https://neoauto.com/auto/usado/plymouth-satellite-1969-1852798,1969,Plymouth,Satellite
Bmw 118i 2025,31000,18000,Automática - Secuencial,Gasolina,https://neoauto.com/auto/usado/bmw-118i-2025-1858497,2025,Bmw,118i
Toyota 4runner 2010,35000,180000,Automática,Gasolina,https://neoauto.com/auto/usado/toyota-4runner-2010-1860511,2010,Toyota,4runner
Bmw X4 20i 2025,55000,4700,Automática - Secuencial,Gasolina,https://neoauto.com/auto/usado/bmw-x4-20i-2025-1863383,2025,Bmw,X4 20i
Mitsubishi L200 2022,24000,5000,Mecánica,Diesel,https://neoauto.com/auto/usado/mitsubishi-l200-2022-1852515,2022,Mitsubishi,L200
Subaru Xv 2018,16000,67000,Automática,Gasolina,https://neoauto.com/auto/usado/subaru-xv-2018-1847383,2018,Subaru,Xv
Toyota Land Cruiser 1980,38000,160000,Mecánica,Gasolina,https://neoauto.com/auto/usado/toyota-land-cruiser-1980-1863048,1980,Toyota,Land Cruiser
Toyota Hilux 2013,16500,128000,Mecánica,Diesel,https://neoauto.com/auto/usado/toyota-hilux-2013-1861270,2013,Toyota,Hilux
Subaru Forester 2017,18500,57000,Automática,Gasolina,https://neoauto.com/auto/usado/subaru-forester-2017-1800805,2017,Subaru,Forester
Jac T6 2022,17500,22000,Mecánica,Diesel,https://neoauto.com/auto/usado/jac-t6-2022-1858395,2022,Jac,T6
Subaru Forester Turbo 2015,15500,111000,Automática - Secuencial,Gasolina,https://neoauto.com/auto/usado/subaru-forester-turbo-2015-1860141,2015,Subaru,Forester Turbo
Bmw X1 18i 2022,33500,19000,Automática,Gasolina,https://neoauto.com/auto/usado/bmw-x1-18i-2022-1856117,2022,Bmw,X1 18i
Chevrolet Vivant 2007,7000,245000,Mecánica,Gas GNV,https://neoauto.com/auto/usado/chevrolet-vivant-2007-1856065,2007,Chevrolet,Vivant
Volkswagen Gol 2023,11500,72000,Mecánica,Dual,https://neoauto.com/auto/usado/volkswagen-gol-2023-1861871,2023,Volkswagen,Gol
Bmw 318i 2017,18990,48300,Automática - Secuencial,Gasolina,https://neoauto.com/auto/usado/bmw-318i-2017-1716164,2017,Bmw,318i
Chevrolet Onix 2020,11000,46500,Automática - Secuencial,Gasolina,https://neoauto.com/auto/usado/chevrolet-onix-2020-1862628,2020,Chevrolet,Onix
Bmw 120i 2017,18900,47500,Automática - Secuencial,Gasolina,https://neoauto.com/auto/usado/bmw-120i-2017-1862197,2017,Bmw,120i
Mercedes Benz B180 2014,13200,71700,Automática - Secuencial,Gasolina,https://neoauto.com/auto/usado/mercedes-benz-b180-2014-1863776,2014,Mercedes,Benz B180
Changan Cs35 2017,8900,87500,Mecánica,Gasolina,https://neoauto.com/auto/usado/changan-cs35-2017-1858028,2017,Changan,Cs35
Bmw X1 20i 2017,23900,43335,Automática - Secuencial,Gasolina,https://neoauto.com/auto/usado/bmw-x1-20i-2017-1863485,2017,Bmw,X1 20i
Mg Zx 2024,15000,54000,Automática - Secuencial,Dual,https://neoauto.com/auto/usado/mg-zx-2024-1859023,2024,Mg,Zx
Volkswagen Tiguan Allspace 2018,18300,57000,Automática - Secuencial,Gasolina,https://neoauto.com/auto/usado/volkswagen-tiguan-allspace-2018-1863356,2018,Volkswagen,Tiguan Allspace
Bmw X1 20i 2017,21500,57500,Automática - Secuencial,Gasolina,https://neoauto.com/auto/usado/bmw-x1-20i-2017-1861199,2017,Bmw,X1 20i
Nissan Versa Drive 2022,10950,99500,Mecánica,Dual,https://neoauto.com/auto/usado/nissan-versa-drive-2022-1855441,2022,Nissan,Versa Drive
Bmw 318i 2017,17500,62000,Automática,Gasolina,https://neoauto.com/auto/usado/bmw-318i-2017-1859168,2017,Bmw,318i
Volkswagen Tiguan Allspace 2018,16880,70500,Automática,Gasolina,https://neoauto.com/auto/usado/volkswagen-tiguan-allspace-2018-1863181,2018,Volkswagen,Tiguan Allspace
Subaru Wrx 2017,17500,140000,Automática - Secuencial,Gasolina,https://neoauto.com/auto/usado/subaru-wrx-2017-1862366,2017,Subaru,Wrx
Jac Refine 2023,16300,47000,Mecánica,Dual,https://neoauto.com/auto/usado/jac-refine-2023-1861345,2023,Jac,Refine
Toyota Hilux 2007,14900,118000,Mecánica,Gas GNV,https://neoauto.com/auto/usado/toyota-hilux-2007-1860609,2007,Toyota,Hilux
Volkswagen Jetta 2018,11000,81000,Mecánica,Gasolina,https://neoauto.com/auto/usado/volkswagen-jetta-2018-1862785,2018,Volkswagen,Jetta
Mini Hatch 5dr 2020,25500,20000,Automática - Secuencial,Gasolina,https://neoauto.com/auto/usado/mini-hatch-5dr-2020-1861420,2020,Mini,Hatch 5dr
Land Rover Freelander 2013,11500,124860,Automática,Gasolina,https://neoauto.com/auto/usado/land-rover-freelander-2013-1860767,2013,Land,Rover Freelander
Zotye Z360 2017,6000,116000,Mecánica,Dual,https://neoauto.com/auto/usado/zotye-z360-2017-1863432,2017,Zotye,Z360
Kia Rio 2014,10000,72000,Automática,Dual,https://neoauto.com/auto/usado/kia-rio-2014-1863389,2014,Kia,Rio
Hyundai Santa Fe 2012,10500,239500,Automática - Secuencial,Gasolina,https://neoauto.com/auto/usado/hyundai-santa-fe-2012-1863248,2012,Hyundai,Santa Fe
Nissan X-Trail 2016,14500,52600,Automática,Gasolina,https://neoauto.com/auto/usado/nissan-x-trail-2016-1862719,2016,Nissan,X-Trail
Bmw 114i 2014,12500,72400,Mecánica,Gasolina,https://neoauto.com/auto/usado/bmw-114i-2014-1859160,2014,Bmw,114i
Hyundai Creta 2023,18500,63000,Mecánica,Gasolina,https://neoauto.com/auto/usado/hyundai-creta-2023-1861843,2023,Hyundai,Creta
Nissan X-Trail 2018,16000,88500,Automática - Secuencial,Gasolina,https://neoauto.com/auto/usado/nissan-x-trail-2018-1862591,2018,Nissan,X-Trail
Chevrolet Onix Joy 2021,8700,34000,Mecánica,Gasolina,https://neoauto.com/auto/usado/chevrolet-onix-joy-2021-1861023,2021,Chevrolet,Onix Joy
Ford F-150 1987,5000,99000,Mecánica,Diesel,https://neoauto.com/auto/usado/ford-f-150-1987-1857971,1987,Ford,F-150
Mazda Cx-5 2022,24000,42000,Automática - Secuencial,Gasolina,https://neoauto.com/auto/usado/mazda-cx-5-2022-1860644,2022,Mazda,Cx-5
Ford Explorer 2018,26500,87100,Automática,Gasolina,https://neoauto.com/auto/usado/ford-explorer-2018-1862030,2018,Ford,Explorer
Bmw 420i 2018,18000,103558,Automática,Gasolina,https://neoauto.com/auto/usado/bmw-420i-2018-1859661,2018,Bmw,420i
Toyota Fortuner 2017,29400,72400,Automática - Secuencial,Dual,https://neoauto.com/auto/usado/toyota-fortuner-2017-1859736,2017,Toyota,Fortuner
Mazda Cx-9 2023,33500,28400,Automática - Secuencial,Gasolina,https://neoauto.com/auto/usado/mazda-cx-9-2023-1863015,2023,Mazda,Cx-9
Mg 6 2020,10500,76784,Automática - Secuencial,Gasolina,https://neoauto.com/auto/usado/mg-6-2020-1724463,2020,Mg,6
Mitsubishi Outlander 2016,14000,70000,Automática - Secuencial,Gasolina,https://neoauto.com/auto/usado/mitsubishi-outlander-2016-1814339,2016,Mitsubishi,Outlander
Bmw 118i 2022,24000,59926,Automática - Secuencial,Gasolina,https://neoauto.com/auto/usado/bmw-118i-2022-1861315,2022,Bmw,118i
Honda Accord 2010,10900,91000,Automática,Gasolina,https://neoauto.com/auto/usado/honda-accord-2010-1863191,2010,Honda,Accord
Kia Mohave 2018,23600,43000,Automática - Secuencial,Dual,https://neoauto.com/auto/usado/kia-mohave-2018-1862005,2018,Kia,Mohave
Volkswagen Touareg 2013,14000,135000,Automática - Secuencial,Gasolina,https://neoauto.com/auto/usado/volkswagen-touareg-2013-1851583,2013,Volkswagen,Touareg
Bmw X1 18i 2019,20499,86700,Automática,Gasolina,https://neoauto.com/auto/usado/bmw-x1-18i-2019-1858077,2019,Bmw,X1 18i
Bmw 330i 2024,52900,14000,Automática - Secuencial,Gasolina,https://neoauto.com/auto/usado/bmw-330i-2024-1743484,2024,Bmw,330i
Bmw X5 30d 2014,19800,161000,Automática - Secuencial,Diesel,https://neoauto.com/auto/usado/bmw-x5-30d-2014-1860026,2014,Bmw,X5 30d
Toyota Land Cruiser Prado 2023,56900,44000,Automática - Secuencial,Gasolina,https://neoauto.com/auto/usado/toyota-land-cruiser-prado-2023-1861034,2023,Toyota,Land Cruiser Prado
Mazda 3 2015,11500,78225,Mecánica,Gasolina,https://neoauto.com/auto/usado/mazda-3-2015-1864013,2015,Mazda,3
Chevrolet Onix 2025,14850,2300,Automática,Gasolina,https://neoauto.com/auto/usado/chevrolet-onix-2025-1860286,2025,Chevrolet,Onix
Haval Jolion 2023,18000,12000,Automática,Gasolina,https://neoauto.com/auto/usado/haval-jolion-2023-1857930,2023,Haval,Jolion
Chevrolet Captiva 2025,19400,11000,Automática - Secuencial,Gasolina,https://neoauto.com/auto/usado/chevrolet-captiva-2025-1859481,2025,Chevrolet,Captiva
Volkswagen Beetle 2017,18300,51571,Automática - Secuencial,Gasolina,https://neoauto.com/auto/usado/volkswagen-beetle-2017-1863073,2017,Volkswagen,Beetle
Bmw X3 2017,22000,62840,Automática - Secuencial,Gasolina,https://neoauto.com/auto/usado/bmw-x3-2017-1856282,2017,Bmw,X3
Honda Hr-V 2016,15300,49000,Automática,Gasolina,https://neoauto.com/auto/usado/honda-hr-v-2016-1861527,2016,Honda,Hr-V
Chevrolet Captiva 2020,14100,72000,Mecánica,Gasolina,https://neoauto.com/auto/usado/chevrolet-captiva-2020-1853549,2020,Chevrolet,Captiva
Land Rover Range Rover Sport 2010,21500,103000,Automática,Gasolina,https://neoauto.com/auto/usado/land-rover-range-rover-sport-2010-1862433,2010,Land,Rover Range Rover Sport
Mazda 6 2016,12900,87000,Automática - Secuencial,Gasolina,https://neoauto.com/auto/usado/mazda-6-2016-1863596,2016,Mazda,6
Geely Gx3 Pro 2024,12400,42700,Automática,Gas GLP,https://neoauto.com/auto/usado/geely-gx3-pro-2024-1858622,2024,Geely,Gx3 Pro
Volkswagen Crossfox 2011,8000,166660,Mecánica,Gasolina,https://neoauto.com/auto/usado/volkswagen-crossfox-2011-1863053,2011,Volkswagen,Crossfox
Bmw X5 44i 2013,17800,95000,Automática,Gasolina,https://neoauto.com/auto/usado/bmw-x5-44i-2013-1858140,2013,Bmw,X5 44i
Bmw 335ci 2010,14950,48000,Automática - Secuencial,Gasolina,https://neoauto.com/auto/usado/bmw-335ci-2010-1861290,2010,Bmw,335ci
Kia Picanto 2018,9000,24000,Automática,Gasolina,https://neoauto.com/auto/usado/kia-picanto-2018-1858380,2018,Kia,Picanto
Jeep Grand Cherokee 2015,21990,65000,Automática,Gasolina,https://neoauto.com/auto/usado/jeep-grand-cherokee-2015-1838518,2015,Jeep,Grand Cherokee
Mazda Cx-3 2017,12500,130000,Mecánica,Gasolina,https://neoauto.com/auto/usado/mazda-cx-3-2017-1861109,2017,Mazda,Cx-3
Mg One 2024,17900,1035,Automática,Gasolina,https://neoauto.com/auto/usado/mg-one-2024-1863194,2024,Mg,One
Mg Zx 2024,12750,11300,Mecánica,Dual,https://neoauto.com/auto/usado/mg-zx-2024-1860528,2024,Mg,Zx
Suzuki Grand Vitara 2017,15500,22300,Automática,Gasolina,https://neoauto.com/auto/usado/suzuki-grand-vitara-2017-1862651,2017,Suzuki,Grand Vitara
Audi Q5 2015,15900,72300,Automática,Gasolina,https://neoauto.com/auto/usado/audi-q5-2015-1856068,2015,Audi,Q5
Volkswagen T-Cross 2024,20490,14130,Automática - Secuencial,Gasolina,https://neoauto.com/auto/usado/volkswagen-t-cross-2024-1863769,2024,Volkswagen,T-Cross
Hyundai Kona 2024,25500,10500,Automática,Gasolina,https://neoauto.com/auto/usado/hyundai-kona-2024-1861258,2024,Hyundai,Kona
Jeep Grand Cherokee Laredo 2019,21900,94000,Automática - Secuencial,Gasolina,https://neoauto.com/auto/usado/jeep-grand-cherokee-laredo-2019-1862218,2019,Jeep,Grand Cherokee Laredo
Hyundai Tucson 2015,14900,75000,Automática - Secuencial,Gasolina,https://neoauto.com/auto/usado/hyundai-tucson-2015-1863553,2015,Hyundai,Tucson
Suzuki Grand Nomade 2014,11800,133500,Automática - Secuencial,Dual,https://neoauto.com/auto/usado/suzuki-grand-nomade-2014-1861880,2014,Suzuki,Grand Nomade
Mazda 6 2017,12900,95700,Automática - Secuencial,Gasolina,https://neoauto.com/auto/usado/mazda-6-2017-1863314,2017,Mazda,6
Kia Carnival 2014,20800,92500,Automática,Diesel,https://neoauto.com/auto/usado/kia-carnival-2014-1863676,2014,Kia,Carnival
Toyota Corolla 2015,12500,72000,Automática - Secuencial,Dual,https://neoauto.com/auto/usado/toyota-corolla-2015-1847192,2015,Toyota,Corolla
Lexus Es 250 2017,20500,62000,Automática - Secuencial,Gasolina,https://neoauto.com/auto/usado/lexus-es-250-2017-1851296,2017,Lexus,Es 250
Honda Pilot 2017,22200,61612,Automática,Gasolina,https://neoauto.com/auto/usado/honda-pilot-2017-1858178,2017,Honda,Pilot
Haval H6 2021,15990,64000,Automática - Secuencial,Gasolina,https://neoauto.com/auto/usado/haval-h6-2021-1864006,2021,Haval,H6
Kia Cerato 2019,16950,22500,Automática - Secuencial,Gasolina,https://neoauto.com/auto/usado/kia-cerato-2019-1863455,2019,Kia,Cerato
Mercedes Benz A200 2018,17000,46300,Automática - Secuencial,Gasolina,https://neoauto.com/auto/usado/mercedes-benz-a200-2018-1817780,2018,Mercedes,Benz A200
Honda Pilot 2019,27800,65000,Automática - Secuencial,Gasolina,https://neoauto.com/auto/usado/honda-pilot-2019-1861029,2019,Honda,Pilot
Mazda Cx-3 2018,15500,23000,Automática - Secuencial,Gasolina,https://neoauto.com/auto/usado/mazda-cx-3-2018-1858143,2018,Mazda,Cx-3
Honda Pilot 2019,30000,69000,Automática - Secuencial,Gasolina,https://neoauto.com/auto/usado/honda-pilot-2019-1863875,2019,Honda,Pilot
Toyota Hilux 2024,44000,9800,Mecánica,Diesel,https://neoauto.com/auto/usado/toyota-hilux-2024-1859349,2024,Toyota,Hilux
Bmw X6 50i 2010,20000,78000,Automática - Secuencial,Eléctrico,https://neoauto.com/auto/usado/bmw-x6-50i-2010-1857836,2010,Bmw,X6 50i
Land Rover Defender 2021,76500,41000,Automática - Secuencial,Gasolina,https://neoauto.com/auto/usado/land-rover-defender-2021-1862593,2021,Land,Rover Defender
Nissan X-Trail 2019,20900,47000,Automática - Secuencial,Gas GLP,https://neoauto.com/auto/usado/nissan-x-trail-2019-1725070,2019,Nissan,X-Trail
Honda Wr-V 2019,13500,79982,Mecánica,Gasolina,https://neoauto.com/auto/usado/honda-wr-v-2019-1863103,2019,Honda,Wr-V
Chevrolet Captiva 2011,9500,103500,Mecánica,Dual,https://neoauto.com/auto/usado/chevrolet-captiva-2011-1826878,2011,Chevrolet,Captiva
Honda Pilot 2016,19900,95000,Automática,Gasolina,https://neoauto.com/auto/usado/honda-pilot-2016-1844247,2016,Honda,Pilot
Land Rover Discovery Sport 2018,19500,76000,Automática,Gasolina,https://neoauto.com/auto/usado/land-rover-discovery-sport-2018-1860906,2018,Land,Rover Discovery Sport
Mitsubishi Montero Sport 2017,33500,85000,Automática,Diesel,https://neoauto.com/auto/usado/mitsubishi-montero-sport-2017-1863176,2017,Mitsubishi,Montero Sport
Kia Rio 2016,10900,78000,Automática - Secuencial,Dual,https://neoauto.com/auto/usado/kia-rio-2016-1862802,2016,Kia,Rio
Audi Q3 2021,29900,47000,Automática - Secuencial,Gasolina,https://neoauto.com/auto/usado/audi-q3-2021-1861129,2021,Audi,Q3
Toyota Hilux 2023,32400,75500,Mecánica,Diesel,https://neoauto.com/auto/usado/toyota-hilux-2023-1863403,2023,Toyota,Hilux
Peugeot Pickup Kp1 2023,21000,81285,Mecánica,Diesel,https://neoauto.com/auto/usado/peugeot-pickup-kp1-2023-1863128,2023,Peugeot,Pickup Kp1
Subaru Xv 2018,17900,66000,Automática,Gasolina,https://neoauto.com/auto/usado/subaru-xv-2018-1861137,2018,Subaru,Xv
Mazda 3 Sport 2009,8500,76000,Mecánica,Gasolina,https://neoauto.com/auto/usado/mazda-3-sport-2009-1863330,2009,Mazda,3 Sport
Seat Ateca 2024,22900,23000,Automática - Secuencial,Gasolina,https://neoauto.com/auto/usado/seat-ateca-2024-1860512,2024,Seat,Ateca
Hyundai Tucson 2023,22700,55000,Automática - Secuencial,Gasolina,https://neoauto.com/auto/usado/hyundai-tucson-2023-1857992,2023,Hyundai,Tucson
Ssangyong Actyon Sports 2016,8900,107000,Mecánica,Diesel,https://neoauto.com/auto/usado/ssangyong-actyon-sports-2016-1860422,2016,Ssangyong,Actyon Sports
Lexus Rx 450h F Sport 2022,42000,88141,Automática - Secuencial,Gasolina,https://neoauto.com/auto/usado/lexus-rx-450h-f-sport-2022-1861948,2022,Lexus,Rx 450h F Sport
Subaru Outback 2020,27000,41000,Automática - Secuencial,Gasolina,https://neoauto.com/auto/usado/subaru-outback-2020-1837680,2020,Subaru,Outback
Volkswagen Amarok 2016,22500,146757,Automática - Secuencial,Diesel,https://neoauto.com/auto/usado/volkswagen-amarok-2016-1858906,2016,Volkswagen,Amarok
Subaru Evoltis 2021,34500,48000,Automática,Gasolina,https://neoauto.com/auto/usado/subaru-evoltis-2021-1863391,2021,Subaru,Evoltis
Mitsubishi Montero Sport 2017,25500,82000,Automática - Secuencial,Gasolina,https://neoauto.com/auto/usado/mitsubishi-montero-sport-2017-1857710,2017,Mitsubishi,Montero Sport
Toyota Corolla Cross 2024,20500,0,Automática - Secuencial,Gasolina,https://neoauto.com/auto/usado/toyota-corolla-cross-2024-1860170,2024,Toyota,Corolla Cross
Audi A4 E 1.8t Multitronic 2016,16400,55000,Automática - Secuencial,Gasolina,https://neoauto.com/auto/usado/audi-a4-e-1-8t-multitronic-2016-1859080,2016,Audi,A4 E 1.8t Multitronic
Volkswagen Tiguan Allspace 2020,20000,60000,Automática - Secuencial,Gasolina,https://neoauto.com/auto/usado/volkswagen-tiguan-allspace-2020-1861653,2020,Volkswagen,Tiguan Allspace
Toyota Rav4 2017,20499,89700,Automática - Secuencial,Gasolina,https://neoauto.com/auto/usado/toyota-rav4-2017-1855848,2017,Toyota,Rav4
Nissan Tiida 2012,8800,124000,Automática,Dual,https://neoauto.com/auto/usado/nissan-tiida-2012-1864007,2012,Nissan,Tiida
Volkswagen Crossfox 2013,9200,57000,Mecánica,Gasolina,https://neoauto.com/auto/usado/volkswagen-crossfox-2013-1863006,2013,Volkswagen,Crossfox
Volvo Xc-60 2022,39500,17000,Automática,Gasolina,https://neoauto.com/auto/usado/volvo-xc-60-2022-1859754,2022,Volvo,Xc-60
Bmw X3 20i 2020,34000,44500,Automática - Secuencial,Gasolina,https://neoauto.com/auto/usado/bmw-x3-20i-2020-1864001,2020,Bmw,X3 20i
Jeep Patriot 2016,17000,41000,Automática,Gasolina,https://neoauto.com/auto/usado/jeep-patriot-2016-1863411,2016,Jeep,Patriot
Hyundai Creta 2024,19950,25500,Automática - Secuencial,Dual,https://neoauto.com/auto/usado/hyundai-creta-2024-1863948,2024,Hyundai,Creta
Haval H6 2023,21300,10000,Automática - Secuencial,Gasolina,https://neoauto.com/auto/usado/haval-h6-2023-1861919,2023,Haval,H6
Suzuki Apv Minivan 2016,7500,106047,Mecánica,Gasolina,https://neoauto.com/auto/usado/suzuki-apv-minivan-2016-1857935,2016,Suzuki,Apv Minivan
Suzuki Vitara 2018,13500,113000,Mecánica,Dual,https://neoauto.com/auto/usado/suzuki-vitara-2018-1861427,2018,Suzuki,Vitara
Renault Koleos 2024,20200,9000,Automática - Secuencial,Gasolina,https://neoauto.com/auto/usado/renault-koleos-2024-1860339,2024,Renault,Koleos
Toyota Hilux 2023,34200,43500,Mecánica,Diesel,https://neoauto.com/auto/usado/toyota-hilux-2023-1859951,2023,Toyota,Hilux
Volkswagen Tiguan Allspace 2018,19500,103000,Automática,Gasolina,https://neoauto.com/auto/usado/volkswagen-tiguan-allspace-2018-1862746,2018,Volkswagen,Tiguan Allspace
Kia Sportage 2017,16200,96500,Automática - Secuencial,Dual,https://neoauto.com/auto/usado/kia-sportage-2017-1859528,2017,Kia,Sportage
Jeep Cherokee Longitude 2019,19600,23900,Automática,Gasolina,https://neoauto.com/auto/usado/jeep-cherokee-longitude-2019-1858790,2019,Jeep,Cherokee Longitude
Baic X35 2023,11800,18500,Mecánica,Dual,https://neoauto.com/auto/usado/baic-x35-2023-1863358,2023,Baic,X35
Bmw M135i 2013,15500,64500,Automática - Secuencial,Gasolina,https://neoauto.com/auto/usado/bmw-m135i-2013-1858766,2013,Bmw,M135i
Nissan Qashqai 2016,15000,59000,Automática - Secuencial,Gasolina,https://neoauto.com/auto/usado/nissan-qashqai-2016-1860186,2016,Nissan,Qashqai
Suzuki S-Cross 2019,14800,27000,Mecánica,Gasolina,https://neoauto.com/auto/usado/suzuki-s-cross-2019-1862655,2019,Suzuki,S-Cross
Hyundai Accent 2014,9600,94241,Automática,Gasolina,https://neoauto.com/auto/usado/hyundai-accent-2014-1860416,2014,Hyundai,Accent
Audi A6 2022,44900,45000,Automática - Secuencial,Gasolina,https://neoauto.com/auto/usado/audi-a6-2022-1862209,2022,Audi,A6
Subaru Forester 2023,33900,10300,Automática,Gasolina,https://neoauto.com/auto/usado/subaru-forester-2023-1863232,2023,Subaru,Forester
Volkswagen Beetle 2015,15250,74400,Automática - Secuencial,Gasolina,https://neoauto.com/auto/usado/volkswagen-beetle-2015-1861409,2015,Volkswagen,Beetle
Bmw X3 20i 2021,36500,48000,Automática - Secuencial,Gasolina,https://neoauto.com/auto/usado/bmw-x3-20i-2021-1858033,2021,Bmw,X3 20i
Mitsubishi Montero Sport 2016,33000,100000,Automática - Secuencial,Diesel,https://neoauto.com/auto/usado/mitsubishi-montero-sport-2016-1858136,2016,Mitsubishi,Montero Sport
Land Rover Discovery Sport 2015,15700,80600,Automática,Gasolina,https://neoauto.com/auto/usado/land-rover-discovery-sport-2015-1862388,2015,Land,Rover Discovery Sport
Ford Ranger Limited 2022,33500,35600,Automática - Secuencial,Diesel,https://neoauto.com/auto/usado/ford-ranger-limited-2022-1852435,2022,Ford,Ranger Limited
Mazda 3 Sport 2015,11500,97000,Automática - Secuencial,Gasolina,https://neoauto.com/auto/usado/mazda-3-sport-2015-1863360,2015,Mazda,3 Sport
Toyota Corolla 2023,17900,51000,Automática - Secuencial,Gasolina,https://neoauto.com/auto/usado/toyota-corolla-2023-1859916,2023,Toyota,Corolla
Mercedes Benz Glc 250 4matic 2019,29900,68000,Automática - Secuencial,Gasolina,https://neoauto.com/auto/usado/mercedes-benz-glc-250-4matic-2019-1851525,2019,Mercedes,Benz Glc 250 4matic
Chevrolet Cruze 2016,10500,51900,Mecánica,Gasolina,https://neoauto.com/auto/usado/chevrolet-cruze-2016-1857563,2016,Chevrolet,Cruze
Volkswagen Crossfox 2018,11500,77000,Automática - Secuencial,Dual,https://neoauto.com/auto/usado/volkswagen-crossfox-2018-1863390,2018,Volkswagen,Crossfox
Subaru Impreza Sport 2022,17900,17800,Automática,Gasolina,https://neoauto.com/auto/usado/subaru-impreza-sport-2022-1863261,2022,Subaru,Impreza Sport
Audi A3 Sedan 2015,13400,81000,Automática - Secuencial,Gasolina,https://neoauto.com/auto/usado/audi-a3-sedan-2015-1783431,2015,Audi,A3 Sedan
Citroen C-4 2014,7200,68500,Mecánica,Gasolina,https://neoauto.com/auto/usado/citroen-c-4-2014-1859533,2014,Citroen,C-4
Suzuki Fronx 2026,18500,4900,Automática,Gasolina,https://neoauto.com/auto/usado/suzuki-fronx-2026-1860901,2026,Suzuki,Fronx
Chevrolet Tahoe 2017,27500,70000,Automática - Secuencial,Gasolina,https://neoauto.com/auto/usado/chevrolet-tahoe-2017-1862640,2017,Chevrolet,Tahoe
Subaru Forester 2014,13500,107000,Automática,Gasolina,https://neoauto.com/auto/usado/subaru-forester-2014-1859912,2014,Subaru,Forester
Mercedes Benz Glc 250 4matic 2018,26900,84000,Automática,Gasolina,https://neoauto.com/auto/usado/mercedes-benz-glc-250-4matic-2018-1846475,2018,Mercedes,Benz Glc 250 4matic
Porsche Cayenne Coupe 2021,77000,48000,Automática - Secuencial,Gasolina,https://neoauto.com/auto/usado/porsche-cayenne-coupe-2021-1858641,2021,Porsche,Cayenne Coupe
Audi Q3 2020,26500,82000,Automática - Secuencial,Gasolina,https://neoauto.com/auto/usado/audi-q3-2020-1854320,2020,Audi,Q3
Renault Symbol 2010,6000,99000,Mecánica,Gasolina,https://neoauto.com/auto/usado/renault-symbol-2010-1860108,2010,Renault,Symbol
Mercedes Benz C-180 2017,17800,65200,Automática - Secuencial,Gasolina,https://neoauto.com/auto/usado/mercedes-benz-c-180-2017-1861361,2017,Mercedes,Benz C-180
Ford Explorer 2017,24000,79000,Automática - Secuencial,Gasolina,https://neoauto.com/auto/usado/ford-explorer-2017-1861153,2017,Ford,Explorer
Bmw 740i 2012,16900,69000,Automática - Secuencial,Gasolina,https://neoauto.com/auto/usado/bmw-740i-2012-1863023,2012,Bmw,740i
Toyota Land Cruiser Prado 2021,42000,61000,Automática - Secuencial,Gasolina,https://neoauto.com/auto/usado/toyota-land-cruiser-prado-2021-1862873,2021,Toyota,Land Cruiser Prado
Honda Hrv 2017,15000,52000,Automática,Gasolina,https://neoauto.com/auto/usado/honda-hrv-2017-1859943,2017,Honda,Hrv
Toyota Corolla 2015,15500,65000,Mecánica,Gasolina,https://neoauto.com/auto/usado/toyota-corolla-2015-1858836,2015,Toyota,Corolla
Volvo S60 2013,9000,80000,Automática,Gasolina,https://neoauto.com/auto/usado/volvo-s60-2013-1863838,2013,Volvo,S60
Peugeot Partner 2020,6900,167300,Mecánica,Dual,https://neoauto.com/auto/usado/peugeot-partner-2020-1862496,2020,Peugeot,Partner
Kia Picanto 2013,6900,87500,Mecánica,Gasolina,https://neoauto.com/auto/usado/kia-picanto-2013-1862480,2013,Kia,Picanto
Toyota Camry 2013,11500,123000,Automática - Secuencial,Gasolina,https://neoauto.com/auto/usado/toyota-camry-2013-1863515,2013,Toyota,Camry
Honda Cr-V 2008,18000,105695,Automática,Dual,https://neoauto.com/auto/usado/honda-cr-v-2008-1859021,2008,Honda,Cr-V
Volvo S60 2012,11000,57000,Automática - Secuencial,Gasolina,https://neoauto.com/auto/usado/volvo-s60-2012-1859861,2012,Volvo,S60
Bmw X3 20i 2017,27000,58000,Automática,Gasolina,https://neoauto.com/auto/usado/bmw-x3-20i-2017-1863093,2017,Bmw,X3 20i
Jeep Cherokee Sport 2015,13500,67300,Automática - Secuencial,Gasolina,https://neoauto.com/auto/usado/jeep-cherokee-sport-2015-1856239,2015,Jeep,Cherokee Sport
Volvo Xc-60 2013,15500,118000,Automática - Secuencial,Gasolina,https://neoauto.com/auto/usado/volvo-xc-60-2013-1859171,2013,Volvo,Xc-60
Volkswagen Bora 2015,7650,165000,Automática - Secuencial,Gas GLP,https://neoauto.com/auto/usado/volkswagen-bora-2015-1862434,2015,Volkswagen,Bora
Subaru Impreza Sport 2019,15800,51000,Automática - Secuencial,Gasolina,https://neoauto.com/auto/usado/subaru-impreza-sport-2019-1862390,2019,Subaru,Impreza Sport
Volkswagen Gol 1995,3800,200000,Mecánica,Gasolina,https://neoauto.com/auto/usado/volkswagen-gol-1995-1862461,1995,Volkswagen,Gol
Hyundai Tucson 2008,8300,232000,Automática - Secuencial,Dual,https://neoauto.com/auto/usado/hyundai-tucson-2008-1863474,2008,Hyundai,Tucson
Honda Pilot 2017,21900,83000,Automática - Secuencial,Gasolina,https://neoauto.com/auto/usado/honda-pilot-2017-1862570,2017,Honda,Pilot
Dfsk Glory 500 2022,11490,34000,Automática - Secuencial,Gasolina,https://neoauto.com/auto/usado/dfsk-glory-500-2022-1860674,2022,Dfsk,Glory 500
Mitsubishi Montero Sport 2014,22000,111500,Automática - Secuencial,Diesel,https://neoauto.com/auto/usado/mitsubishi-montero-sport-2014-1863708,2014,Mitsubishi,Montero Sport
Bmw X1 18i 2018,20900,52500,Automática - Secuencial,Gasolina,https://neoauto.com/auto/usado/bmw-x1-18i-2018-1859469,2018,Bmw,X1 18i
Suzuki Grand Nomade 2008,9300,159913,Automática,Gasolina,https://neoauto.com/auto/usado/suzuki-grand-nomade-2008-1863763,2008,Suzuki,Grand Nomade
Peugeot 208 2013,7000,97000,Mecánica,Gasolina,https://neoauto.com/auto/usado/peugeot-208-2013-1859297,2013,Peugeot,208
Honda Wr-V 2021,15000,32000,Automática - Secuencial,Gasolina,https://neoauto.com/auto/usado/honda-wr-v-2021-1863044,2021,Honda,Wr-V
Toyota Land Cruiser Prado 2012,25000,208000,Automática,Gasolina,https://neoauto.com/auto/usado/toyota-land-cruiser-prado-2012-1862910,2012,Toyota,Land Cruiser Prado
