Marca_Modelo,Precio,Km,Transmision,Combustible,URL
Mitsubishi L200 2023,"US$24,000","11,200km",Mecánica,Diesel,https://neoauto.com/auto/usado/mitsubishi-l200-2023-1848943
Nissan Qashqai 2015,"US$15,500","83,000km",Automática,Gasolina,https://neoauto.com/auto/usado/nissan-qashqai-2015-1863429
Hyundai Grand I10 2016,"US$10,500","55,000km",Automática,Gasolina,https://neoauto.com/auto/usado/hyundai-grand-i10-2016-1863640
Bmw X3 30i 2024,"US$52,990","12,800km",Automática - Se...,Gasolina,https://neoauto.com/auto/usado/bmw-x3-30i-2024-1859128
Ford Ecosport 2014,"US$12,900","87,781km",Mecánica,Gasolina,https://neoauto.com/auto/usado/ford-ecosport-2014-1862214
Bmw 520-I 2014,"US$15,000","90,000km",Automática - Se...,Gasolina,https://neoauto.com/auto/usado/bmw-520-i-2014-1834055
Subaru Forester 2024,"US$33,000","19,000km",Automática - Se...,Gasolina,https://neoauto.com/auto/usado/subaru-forester-2024-1790840
Volkswagen Tiguan Allspace 2020,"US$24,500","101,000km",Automática - Se...,Gasolina,https://neoauto.com/auto/usado/volkswagen-tiguan-allspace-2020-1861570
Ram 1000 2024,"US$22,800","17,000km",Automática - Se...,Gasolina,https://neoauto.com/auto/usado/ram-1000-2024-1863616
Mazda Cx-5 2025,"US$33,500","14,500km",Automática,Gasolina,https://neoauto.com/auto/usado/mazda-cx-5-2025-1856179
Renault Fluence 2012,"US$8,700","29,700km",Mecánica,Gasolina,https://neoauto.com/auto/usado/renault-fluence-2012-1862657
Bmw X1 18i 2018,"US$20,900","64,300km",Automática,Gasolina,https://neoauto.com/auto/usado/bmw-x1-18i-2018-1857962
Bmw 535igt 2013,"US$15,000","95,000km",Automática - Se...,Gasolina,https://neoauto.com/auto/usado/bmw-535igt-2013-1862938
Volkswagen Jetta 2021,"US$16,500","55,500km",Mecánica,Gasolina,https://neoauto.com/auto/usado/volkswagen-jetta-2021-1670394
Subaru Forester 2024,"US$38,500","11,800km",Automática - Se...,Gasolina,https://neoauto.com/auto/usado/subaru-forester-2024-1861890
Bmw X5 40i 2023,"US$63,600","37,000km",Automática - Se...,Gasolina,https://neoauto.com/auto/usado/bmw-x5-40i-2023-1856137
Mitsubishi Montero Sport 2019,"US$33,500","49,560km",Automática - Se...,Gasolina,https://neoauto.com/auto/usado/mitsubishi-montero-sport-2019-1791996
Audi Q2 2024,"US$27,800","12,300km",Automática - Se...,Gasolina,https://neoauto.com/auto/usado/audi-q2-2024-1860438
Haval Jolion 2023,"US$18,600","26,000km",Automática - Se...,Gas GLP,https://neoauto.com/auto/usado/haval-jolion-2023-1855478
Mazda Cx-9 2019,"US$26,500","66,000km",Automática,Gasolina,https://neoauto.com/auto/usado/mazda-cx-9-2019-1856038
Bmw 118i 2019,"US$17,800","52,000km",Automática - Se...,Gasolina,https://neoauto.com/auto/usado/bmw-118i-2019-1852366
Mercedes Benz A 200 2023,"US$33,900","13,604km",Automática - Se...,Gasolina,https://neoauto.com/auto/usado/mercedes-benz-a-200-2023-1858441
Land Rover Discovery Sport 2018,"US$23,500","75,000km",Automática - Se...,Gasolina,https://neoauto.com/auto/usado/land-rover-discovery-sport-2018-1855269
Audi Q7 2018,"US$31,500","112,000km",Automática - Se...,Gasolina,https://neoauto.com/auto/usado/audi-q7-2018-1860606
Mercedes Benz S 500 Coupe 4matic 2015,"US$49,000","63,000km",Automática - Se...,Gasolina,https://neoauto.com/auto/usado/mercedes-benz-s-500-coupe-4matic-2015-1859103
Subaru Evoltis 2024,"US$47,500","10,700km",Automática - Se...,Gasolina,https://neoauto.com/auto/usado/subaru-evoltis-2024-1861885
Volvo Xc-90 2018,"US$30,700","99,700km",Automática - Se...,Gasolina,https://neoauto.com/auto/usado/volvo-xc-90-2018-1862740
Seat Leon Fr 2012,"US$10,499","105,000km",Automática - Se...,Gasolina,https://neoauto.com/auto/usado/seat-leon-fr-2012-1858940
Mazda Cx-5 2019,"US$19,500","88,500km",Automática - Se...,Gasolina,https://neoauto.com/auto/usado/mazda-cx-5-2019-1851857
Renault Duster 2015,"US$9,000","108,000km",Automática - Se...,Dual,https://neoauto.com/auto/usado/renault-duster-2015-1863244
Nissan Pathfinder 2015,"US$15,000","175,000km",Automática,Gasolina,https://neoauto.com/auto/usado/nissan-pathfinder-2015-1845100
Mitsubishi Nativa 2011,"US$14,000","125,000km",Mecánica,Gasolina,https://neoauto.com/auto/usado/mitsubishi-nativa-2011-1856580
Mitsubishi Asx 2018,"US$16,000","62,500km",Automática,Gasolina,https://neoauto.com/auto/usado/mitsubishi-asx-2018-1854168
Volvo Xc-60 2023,"US$47,000","28,000km",Automática - Se...,Gasolina,https://neoauto.com/auto/usado/volvo-xc-60-2023-1848104
Peugeot 2008 2022,"US$15,590","53,900km",Mecánica,Gasolina,https://neoauto.com/auto/usado/peugeot-2008-2022-1851158
Mercedes Benz Glc 200 2020,"US$35,000","55,000km",Automática,Gasolina,https://neoauto.com/auto/usado/mercedes-benz-glc-200-2020-1863597
Citroen C5 Aircross 2020,"US$18,900","50,000km",Automática - Se...,Gasolina,https://neoauto.com/auto/usado/citroen-c5-aircross-2020-1863620
Mazda 6 2009,"US$8,800","160,000km",Automática - Se...,Gasolina,https://neoauto.com/auto/usado/mazda-6-2009-1854938
Toyota Avensis 2013,"US$10,500","97,000km",Automática,Gasolina,https://neoauto.com/auto/usado/toyota-avensis-2013-1858609
Subaru Impreza 2016,"US$10,500","96,000km",Mecánica,Gasolina,https://neoauto.com/auto/usado/subaru-impreza-2016-1860134
Toyota Corolla Cross 2023,"US$20,199","61,000km",Automática,Gasolina,https://neoauto.com/auto/usado/toyota-corolla-cross-2023-1856850
Toyota Yaris 2019,"US$14,000","80,000km",Automática - Se...,Gasolina,https://neoauto.com/auto/usado/toyota-yaris-2019-1858454
Audi A4 2017,"US$21,000","41,000km",Automática - Se...,Gasolina,https://neoauto.com/auto/usado/audi-a4-2017-1851516
Audi A3 Sedan 2016,"US$15,600","86,000km",Automática - Se...,Gasolina,https://neoauto.com/auto/usado/audi-a3-sedan-2016-1861062
Audi Q3 2018,"US$21,500","52,000km",Automática - Se...,Gasolina,https://neoauto.com/auto/usado/audi-q3-2018-1851510
Suzuki Apv 2014,"US$7,200","240,700km",Mecánica,Gasolina,https://neoauto.com/auto/usado/suzuki-apv-2014-1852807
Toyota 4runner 2016,"US$38,900","132,000km",Automática - Se...,Gasolina,https://neoauto.com/auto/usado/toyota-4runner-2016-1861788
Ford Mustang Gt 2025,"US$56,000","3,000km",Automática - Se...,Gasolina,https://neoauto.com/auto/usado/ford-mustang-gt-2025-1857831
Hyundai H-1 2019,"US$23,000","245,200km",Mecánica,Dual,https://neoauto.com/auto/usado/hyundai-h-1-2019-1862626
Mazda Cx-5 2023,"US$23,200","15,000km",Mecánica,Gasolina,https://neoauto.com/auto/usado/mazda-cx-5-2023-1846292
Honda Wr-V 2018,"US$11,900","83,000km",Automática,Gasolina,https://neoauto.com/auto/usado/honda-wr-v-2018-1851281
Subaru Outback 2016,"US$16,500","74,000km",Automática,Gasolina,https://neoauto.com/auto/usado/subaru-outback-2016-1862281
Toyota Highlander 2013,"US$18,000","109,000km",Automática - Se...,Dual,https://neoauto.com/auto/usado/toyota-highlander-2013-1861225
Lexus Rx 350 2015,"US$20,500","108,000km",Automática,Gasolina,https://neoauto.com/auto/usado/lexus-rx-350-2015-1862284
Haval All New H6 2022,"US$20,000","31,500km",Automática - Se...,Gasolina,https://neoauto.com/auto/usado/haval-all-new-h6-2022-1861963
Mazda Cx-9 2024,"US$34,900","19,968km",Automática,Gasolina,https://neoauto.com/auto/usado/mazda-cx-9-2024-1860269
Audi A3 Sedan 2016,"US$17,900","22,000km",Automática - Se...,Gasolina,https://neoauto.com/auto/usado/audi-a3-sedan-2016-1852527
Bmw 330i 2022,"US$40,900","20,000km",Automática - Se...,Gasolina,https://neoauto.com/auto/usado/bmw-330i-2022-1864034
Hyundai Santa Fe 2023,"US$33,900","41,805km",Automática,Gasolina,https://neoauto.com/auto/usado/hyundai-santa-fe-2023-1858932
Land Rover Evoque 2015,"US$23,000","62,500km",Automática - Se...,Gasolina,https://neoauto.com/auto/usado/land-rover-evoque-2015-1858201
Jeep Cherokee 2019,"US$19,900","66,500km",Automática - Se...,Gasolina,https://neoauto.com/auto/usado/jeep-cherokee-2019-1863209
Volvo Xc-60 2017,"US$17,500","120,000km",Automática - Se...,Gasolina,https://neoauto.com/auto/usado/volvo-xc-60-2017-1863382
Jaguar F-Pace 2017,"US$49,990","9,313km",Automática - Se...,Gasolina,https://neoauto.com/auto/usado/jaguar-f-pace-2017-1823960
Audi Q5 2018,"US$24,500","83,000km",Automática - Se...,Gasolina,https://neoauto.com/auto/usado/audi-q5-2018-1863421
Mercedes Benz Ml 350 2013,"US$23,900","83,494km",Automática - Se...,Gasolina,https://neoauto.com/auto/usado/mercedes-benz-ml-350-2013-1860713
Mercedes Benz Glc 250 4matic 2020,"US$28,500","50,000km",Automática,Gasolina,https://neoauto.com/auto/usado/mercedes-benz-glc-250-4matic-2020-1861748
Toyota Ae-86 1984,"US$12,500","3,000km",Mecánica,Gasolina,https://neoauto.com/auto/usado/toyota-ae-86-1984-1859356
Chevrolet Corvette 2026,"US$149,000",,Automática - Se...,Gasolina,https://neoauto.com/auto/usado/chevrolet-corvette-2026-1857384
Bmw X2 20i 2019,"US$27,900","40,000km",Automática - Se...,Gasolina,https://neoauto.com/auto/usado/bmw-x2-20i-2019-1863813
Mini Cooper 2014,"US$13,900","41,090km",Automática,Gasolina,https://neoauto.com/auto/usado/mini-cooper-2014-1863872
Subaru Impreza Wrx 2019,"US$22,000","73,200km",Mecánica,Gasolina,https://neoauto.com/auto/usado/subaru-impreza-wrx-2019-1856558
Volvo S60 2018,"US$21,900","36,036km",Automática - Se...,Gasolina,https://neoauto.com/auto/usado/volvo-s60-2018-1863470
Volvo Xc-60 2023,"US$55,900","15,000km",Automática - Se...,Gasolina,https://neoauto.com/auto/usado/volvo-xc-60-2023-1863816
Hyundai Veloster 2014,"US$13,500","163,000km",Mecánica,Gas GLP,https://neoauto.com/auto/usado/hyundai-veloster-2014-1863159
Byd S6 2014,"US$7,800","103,700km",Mecánica,Gasolina,https://neoauto.com/auto/usado/byd-s6-2014-1858281
Honda Odyssey 2020,"US$25,900","72,000km",Automática - Se...,Gasolina,https://neoauto.com/auto/usado/honda-odyssey-2020-1839887
Mitsubishi Montero Sport 2019,"US$38,000","45,000km",Automática - Se...,Diesel,https://neoauto.com/auto/usado/mitsubishi-montero-sport-2019-1861335
Kia Niro 2024,"US$28,900","4,000km",Automática - Se...,Gasolina,https://neoauto.com/auto/usado/kia-niro-2024-1863814
Bmw X3 28i 2016,"US$19,000","113,000km",Automática - Se...,Gasolina,https://neoauto.com/auto/usado/bmw-x3-28i-2016-1861678
Audi A4 2006,"US$7,700","137,000km",Automática,Gasolina,https://neoauto.com/auto/usado/audi-a4-2006-1862582
Audi A4 2017,"US$21,500","44,000km",Automática - Se...,Gasolina,https://neoauto.com/auto/usado/audi-a4-2017-1850385
Bmw X3 20i 2021,"US$38,000","66,800km",Automática - Se...,Gasolina,https://neoauto.com/auto/usado/bmw-x3-20i-2021-1860319
Mercedes Benz Glc 250 4matic 2019,"US$27,300",62km,Automática - Se...,Gasolina,https://neoauto.com/auto/usado/mercedes-benz-glc-250-4matic-2019-1826605
Audi A3 Sedan 2019,"US$20,500","61,800km",Automática - Se...,Gasolina,https://neoauto.com/auto/usado/audi-a3-sedan-2019-1856778
Hyundai Accent 2024,"US$16,800",35km,Automática,Gas GLP,https://neoauto.com/auto/usado/hyundai-accent-2024-1851421
Peugeot 308 2013,"US$19,900","12,710km",Mecánica,Gasolina,https://neoauto.com/auto/usado/peugeot-308-2013-1863943
Mercedes Benz Gle 400 4matic 2016,"US$29,300","75,800km",Automática - Se...,Gasolina,https://neoauto.com/auto/usado/mercedes-benz-gle-400-4matic-2016-1863882
Audi Q3 2018,"US$20,950","68,500km",Automática - Se...,Gasolina,https://neoauto.com/auto/usado/audi-q3-2018-1858064
Mazda Cx-3 2023,"US$22,500","13,000km",Automática - Se...,Gasolina,https://neoauto.com/auto/usado/mazda-cx-3-2023-1863906
Kia Sorento 2021,"US$29,900","36,700km",Automática,Gasolina,https://neoauto.com/auto/usado/kia-sorento-2021-1863079
Audi A3 Sedan 2018,"US$22,500","43,500km",Automática - Se...,Gasolina,https://neoauto.com/auto/usado/audi-a3-sedan-2018-1849671
Peugeot 3008 2022,"US$22,000","65,000km",Automática,Gasolina,https://neoauto.com/auto/usado/peugeot-3008-2022-1834323
Jeep Renegade 2018,"US$15,700",55km,Mecánica,Gasolina,https://neoauto.com/auto/usado/jeep-renegade-2018-1853144
Audi A3 Sedan 2018,"US$19,200","55,000km",Automática - Se...,Gasolina,https://neoauto.com/auto/usado/audi-a3-sedan-2018-1860907
Volkswagen Amarok 2016,"US$19,500","256,000km",Automática,Diesel,https://neoauto.com/auto/usado/volkswagen-amarok-2016-1857610
Jaguar Xe 2017,"US$17,900","53,000km",Automática - Se...,Gasolina,https://neoauto.com/auto/usado/jaguar-xe-2017-1864040
Audi Q5 2017,"US$25,500","46,500km",Automática - Se...,Gasolina,https://neoauto.com/auto/usado/audi-q5-2017-1817724
Bmw 530i 2017,"US$23,900","54,900km",Automática - Se...,Gasolina,https://neoauto.com/auto/usado/bmw-530i-2017-1860937
Volvo V40 2017,"US$15,400","51,000km",Automática - Se...,Gasolina,https://neoauto.com/auto/usado/volvo-v40-2017-1862360
Mercedes Benz C63 Amg S 2017,"US$59,900","42,300km",Automática,Gasolina,https://neoauto.com/auto/usado/mercedes-benz-c63-amg-s-2017-1860375
Mercedes Benz C-180 2018,"US$19,500","69,000km",Automática - Se...,Gasolina,https://neoauto.com/auto/usado/mercedes-benz-c-180-2018-1861495
Bmw 120i 2017,"US$14,700","91,000km",Mecánica,Gasolina,https://neoauto.com/auto/usado/bmw-120i-2017-1858462
Chevrolet Onix 2023,"US$12,800","27,000km",Mecánica,Gasolina,https://neoauto.com/auto/usado/chevrolet-onix-2023-1855532
Bmw I5 2024,"US$79,000","52,000km",Automática - Se...,Eléctrico,https://neoauto.com/auto/usado/bmw-i5-2024-1863594
Bmw X5 2013,"US$17,000","92,000km",Automática - Se...,Gasolina,https://neoauto.com/auto/usado/bmw-x5-2013-1861754
Honda Pilot 2022,"US$35,000","61,000km",Automática - Se...,Gasolina,https://neoauto.com/auto/usado/honda-pilot-2022-1847465
Land Rover Range Rover Sport 2019,"US$59,900","47,129km",Automática - Se...,Gasolina,https://neoauto.com/auto/usado/land-rover-range-rover-sport-2019-1843664
Ford Explorer 2025,"US$57,900","3,200km",Automática,Gasolina,https://neoauto.com/auto/usado/ford-explorer-2025-1861519
Jeep Grand Cherokee Laredo 2016,"US$20,500","78,000km",Automática - Se...,Gasolina,https://neoauto.com/auto/usado/jeep-grand-cherokee-laredo-2016-1845224
Volkswagen Teramont 2022,"US$36,900","77,313km",Automática,Gasolina,https://neoauto.com/auto/usado/volkswagen-teramont-2022-1859889
Jeep Grand Cherokee Laredo 2018,"US$22,200","79,800km",Automática,Gasolina,https://neoauto.com/auto/usado/jeep-grand-cherokee-laredo-2018-1845857
Jeep Cherokee Longitude 2019,"US$16,800","48,000km",Automática - Se...,Gasolina,https://neoauto.com/auto/usado/jeep-cherokee-longitude-2019-1861670
Mercedes Benz Gle 63 S Amg 2017,"US$59,900","55,724km",Automática,Gasolina,https://neoauto.com/auto/usado/mercedes-benz-gle-63-s-amg-2017-1860382
Maserati Levante 2019,"US$85,900","7,806km",Automática,Gasolina,https://neoauto.com/auto/usado/maserati-levante-2019-1859886
Honda Cr-V 2017,"US$18,000","72,400km",Automática,Gasolina,https://neoauto.com/auto/usado/honda-cr-v-2017-1863957
Ford Expedition 2021,"US$49,900","46,316km",Automática - Se...,Gasolina,https://neoauto.com/auto/usado/ford-expedition-2021-1862861
Ford F-150 Raptor 2018,"US$51,000","33,000km",Automática - Se...,Gasolina,https://neoauto.com/auto/usado/ford-f-150-raptor-2018-1845647
Mitsubishi Montero Sport 2024,"US$45,000","33,000km",Automática - Se...,Gasolina,https://neoauto.com/auto/usado/mitsubishi-montero-sport-2024-1863631
Subaru Impreza 2023,"US$19,000","25,000km",Automática,Gasolina,https://neoauto.com/auto/usado/subaru-impreza-2023-1862066
Bmw X2 20i 2021,"US$33,500","45,000km",Automática - Se...,Gasolina,https://neoauto.com/auto/usado/bmw-x2-20i-2021-1857231
Bmw X4 20i 2017,"US$24,900","90,000km",Automática - Se...,Gasolina,https://neoauto.com/auto/usado/bmw-x4-20i-2017-1863223
Mercedes Benz A45 Amg 2022,"US$69,990","11,900km",Automática - Se...,Gasolina,https://neoauto.com/auto/usado/mercedes-benz-a45-amg-2022-1857899
Volkswagen Tiguan Allspace 2018,"US$16,800","78,043km",Automática,Gasolina,https://neoauto.com/auto/usado/volkswagen-tiguan-allspace-2018-1863772
Mazda Bt-50 2022,"US$22,500","113,000km",Mecánica,Diesel,https://neoauto.com/auto/usado/mazda-bt-50-2022-1856309
Citroen Ds-3 2018,"US$13,900","38,554km",Automática - Se...,Gasolina,https://neoauto.com/auto/usado/citroen-ds-3-2018-1855338
Mercedes Benz Cla 200 Coupe 2022,"US$31,900","56,000km",Automática - Se...,Gasolina,https://neoauto.com/auto/usado/mercedes-benz-cla-200-coupe-2022-1849443
Jeep Compass 2013,"US$12,200","53,000km",Automática - Se...,Gasolina,https://neoauto.com/auto/usado/jeep-compass-2013-1848625
Bmw X4 M40i 2019,"US$46,900","49,510km",Automática - Se...,Gasolina,https://neoauto.com/auto/usado/bmw-x4-m40i-2019-1858713
Honda Pilot 2022,"US$36,900","46,857km",Automática,Gasolina,https://neoauto.com/auto/usado/honda-pilot-2022-1859875
Bmw 530i 2018,"US$37,000","20,000km",Automática - Se...,Gasolina,https://neoauto.com/auto/usado/bmw-530i-2018-1744146
Maserati Grecale 2024,"US$85,000","9,676km",Automática - Se...,Gasolina,https://neoauto.com/auto/usado/maserati-grecale-2024-1860843
Land Rover Range Rover Velar 2018,"US$47,500","56,000km",Automática - Se...,Gasolina,https://neoauto.com/auto/usado/land-rover-range-rover-velar-2018-1853722
Bmw M6 2005,"US$20,500","86,815km",Automática,Gasolina,https://neoauto.com/auto/usado/bmw-m6-2005-1845072
Nissan X-Trail 2019,"US$20,900","79,000km",Automática - Se...,Gasolina,https://neoauto.com/auto/usado/nissan-x-trail-2019-1855541
Volkswagen Tiguan Allspace 2019,"US$19,900","57,000km",Automática - Se...,Gasolina,https://neoauto.com/auto/usado/volkswagen-tiguan-allspace-2019-1863322
Bmw 535-I 2012,"US$13,900","99,000km",Automática,Gasolina,https://neoauto.com/auto/usado/bmw-535-i-2012-1847566
Ford Ranger Limited 2022,"US$34,900","38,000km",Automática,Diesel,https://neoauto.com/auto/usado/ford-ranger-limited-2022-1858421
Toyota Etios 2022,"US$10,900","67,000km",Mecánica,Gas GNV,https://neoauto.com/auto/usado/toyota-etios-2022-1863439
Nissan X-Trail 2024,"US$26,500","36,000km",Automática - Se...,Gasolina,https://neoauto.com/auto/usado/nissan-x-trail-2024-1827929
Jeep Compass 2025,"US$35,900",26km,Automática,Gasolina,https://neoauto.com/auto/usado/jeep-compass-2025-1859284
Haval All New H6 2022,"US$16,900","57,310km",Automática - Se...,Gasolina,https://neoauto.com/auto/usado/haval-all-new-h6-2022-1863031
Bmw 218i Gran Coupe 2020,"US$22,900","49,000km",Automática - Se...,Gasolina,https://neoauto.com/auto/usado/bmw-218i-gran-coupe-2020-1864035
Ford Explorer 2018,"US$28,000","66,500km",Automática - Se...,Gasolina,https://neoauto.com/auto/usado/ford-explorer-2018-1852361
Mercedes Benz Gla 200 2023,"US$40,990","4,500km",Automática,Gasolina,https://neoauto.com/auto/usado/mercedes-benz-gla-200-2023-1860472
Bmw 335i 2012,"US$16,000","110,000km",Automática - Se...,Gasolina,https://neoauto.com/auto/usado/bmw-335i-2012-1856810
Bmw 520-I 2018,"US$22,500","68,500km",Automática - Se...,Gasolina,https://neoauto.com/auto/usado/bmw-520-i-2018-1862207
Jeep Grand Cherokee Laredo 2018,"US$21,710","63,000km",Automática,Gasolina,https://neoauto.com/auto/usado/jeep-grand-cherokee-laredo-2018-1863092
Toyota Rav4 2016,"US$16,900","168,000km",Automática - Se...,Gas GNV,https://neoauto.com/auto/usado/toyota-rav4-2016-1856242
Ford Explorer 2025,"US$66,900","8,700km",Automática - Se...,Gasolina,https://neoauto.com/auto/usado/ford-explorer-2025-1861588
Volkswagen New Beetle 2015,"US$15,250","73,500km",Automática,Gasolina,https://neoauto.com/auto/usado/volkswagen-new-beetle-2015-1840899
Mazda 3 2015,"US$14,900","66,000km",Automática - Se...,Gasolina,https://neoauto.com/auto/usado/mazda-3-2015-1863317
Land Rover Defender 1998,"US$34,000","258,000km",Mecánica,Diesel,https://neoauto.com/auto/usado/land-rover-defender-1998-1858125
Porsche 928 1986,"US$61,500","112,744km",Automática,Gasolina,https://neoauto.com/auto/usado/porsche-928-1986-1861110
Audi A7 2014,"US$22,500","60,200km",Automática - Se...,Gasolina,https://neoauto.com/auto/usado/audi-a7-2014-1861960
Suzuki Kizashi 2013,"US$8,950","73,029km",Automática - Se...,Gasolina,https://neoauto.com/auto/usado/suzuki-kizashi-2013-1863864
Nissan Qashqai 2018,"US$16,300","63,200km",Mecánica,Gasolina,https://neoauto.com/auto/usado/nissan-qashqai-2018-1859393
Citroen C5 Aircross 2023,"US$22,500",800km,Automática - Se...,Gasolina,https://neoauto.com/auto/usado/citroen-c5-aircross-2023-1863600
Mahindra Pik Up 2018,"US$10,500","118,000km",Mecánica,Diesel,https://neoauto.com/auto/usado/mahindra-pik-up-2018-1859998
Ssangyong Actyon 2010,"US$5,990","129,000km",Mecánica,Gasolina,https://neoauto.com/auto/usado/ssangyong-actyon-2010-1856376
Nissan Tiida 2013,"US$8,500","66,500km",Mecánica,Gasolina,https://neoauto.com/auto/usado/nissan-tiida-2013-1862777
Subaru Forester 2015,"US$13,999","113,900km",Automática - Se...,Gasolina,https://neoauto.com/auto/usado/subaru-forester-2015-1859314
Nissan Tiida 2011,"US$6,500","270,000km",Mecánica,Gas GLP,https://neoauto.com/auto/usado/nissan-tiida-2011-1857118
Peugeot 2008 2023,"US$16,800","10,700km",Automática - Se...,Dual,https://neoauto.com/auto/usado/peugeot-2008-2023-1863193
Bmw X5 35i 2016,"US$25,000","89,900km",Automática,Gasolina,https://neoauto.com/auto/usado/bmw-x5-35i-2016-1854456
Maserati Ghibli 2019,"US$57,900","10,000km",Automática - Se...,Gasolina,https://neoauto.com/auto/usado/maserati-ghibli-2019-1864042
Kia Sorento 2011,"US$11,200","257,000km",Automática - Se...,Gasolina,https://neoauto.com/auto/usado/kia-sorento-2011-1856438
Bmw X4 30i 2023,"US$59,900","11,800km",Automática - Se...,Gasolina,https://neoauto.com/auto/usado/bmw-x4-30i-2023-1849169
Land Rover Range Rover Sport 2023,"US$125,000","3,500km",Automática - Se...,Gasolina,https://neoauto.com/auto/usado/land-rover-range-rover-sport-2023-1863796
Jeep Compass Sport 2022,"US$19,990","39,000km",Automática,Gasolina,https://neoauto.com/auto/usado/jeep-compass-sport-2022-1858683
Subaru Impreza 2017,"US$13,800","64,300km",Automática - Se...,Gasolina,https://neoauto.com/auto/usado/subaru-impreza-2017-1852315
Peugeot 2008 2023,"US$15,990","45,000km",Mecánica,Gasolina,https://neoauto.com/auto/usado/peugeot-2008-2023-1856360
Bmw X5 M50i 2021,"US$68,500","22,500km",Automática - Se...,Gasolina,https://neoauto.com/auto/usado/bmw-x5-m50i-2021-1860594
Toyota Land Cruiser Prado 2017,"US$39,000","66,933km",Mecánica,Gasolina,https://neoauto.com/auto/usado/toyota-land-cruiser-prado-2017-1863897
Ford F-250 Lariat Super Duty 2025,"US$198,000",50km,Automática - Se...,Diesel,https://neoauto.com/auto/usado/ford-f-250-lariat-super-duty-2025-1861533
Mazda 3 2019,"US$15,500","57,298km",Automática,Gasolina,https://neoauto.com/auto/usado/mazda-3-2019-1856987
Bmw 318i 2018,"US$17,200","65,000km",Automática - Se...,Gasolina,https://neoauto.com/auto/usado/bmw-318i-2018-1846957
Volkswagen Touareg 2007,"US$12,000","165,000km",Automática - Se...,Gasolina,https://neoauto.com/auto/usado/volkswagen-touareg-2007-1859563
Jaguar Xj 2017,"US$37,500","67,000km",Automática,Gasolina,https://neoauto.com/auto/usado/jaguar-xj-2017-1858979
Mazda Cx-5 2024,"US$31,000","17,300km",Automática - Se...,Gasolina,https://neoauto.com/auto/usado/mazda-cx-5-2024-1860823
Nissan X-Trail E-Power 2024,"US$35,900","6,500km",Automática,Gasolina,https://neoauto.com/auto/usado/nissan-x-trail-e-power-2024-1863221
Bmw X3 20i 2015,"US$17,900","77,345km",Automática - Se...,Gasolina,https://neoauto.com/auto/usado/bmw-x3-20i-2015-1856405
Jeep Grand Cherokee Laredo 2019,"US$28,900","60,400km",Automática - Se...,Gasolina,https://neoauto.com/auto/usado/jeep-grand-cherokee-laredo-2019-1863547
Mazda Cx-5 2025,"US$27,800","6,500km",Automática,Gasolina,https://neoauto.com/auto/usado/mazda-cx-5-2025-1861302
Mercedes Benz Glb 200 2022,"US$45,000","18,000km",Automática,Gasolina,https://neoauto.com/auto/usado/mercedes-benz-glb-200-2022-1860553
Jeep Compass 2023,"US$22,700","39,000km",Automática,Gasolina,https://neoauto.com/auto/usado/jeep-compass-2023-1863431
Peugeot 2008 2023,"US$17,990","28,000km",Automática - Se...,Gasolina,https://neoauto.com/auto/usado/peugeot-2008-2023-1842917
Kia Rio 2013,"US$10,500","90,600km",Automática,Gasolina,https://neoauto.com/auto/usado/kia-rio-2013-1862738
Volkswagen Tiguan 2013,"US$11,000","125,100km",Automática - Se...,Gasolina,https://neoauto.com/auto/usado/volkswagen-tiguan-2013-1856319
Nissan Qashqai 2021,"US$19,000","97,000km",Automática - Se...,Gasolina,https://neoauto.com/auto/usado/nissan-qashqai-2021-1857775
Bmw X5 30d 2017,"US$29,900","100,557km",Automática,Diesel,https://neoauto.com/auto/usado/bmw-x5-30d-2017-1861168
Mini John Cooper Works 2025,"US$46,000","3,800km",Automática - Se...,Gasolina,https://neoauto.com/auto/usado/mini-john-cooper-works-2025-1856098
Volkswagen Tiguan Allspace 2020,"US$22,500","44,500km",Automática - Se...,Gasolina,https://neoauto.com/auto/usado/volkswagen-tiguan-allspace-2020-1863994
Honda Cr-V 2022,"US$28,900","25,000km",Automática - Se...,Gasolina,https://neoauto.com/auto/usado/honda-cr-v-2022-1862008
Bmw 540i 2018,"US$37,000","25,000km",Automática - Se...,Gasolina,https://neoauto.com/auto/usado/bmw-540i-2018-1863754
Bmw X3 30i 2018,"US$29,900",92km,Automática - Se...,Gasolina,https://neoauto.com/auto/usado/bmw-x3-30i-2018-1817188
Bmw X6 30d 2018,"US$41,500","75,900km",Automática - Se...,Diesel,https://neoauto.com/auto/usado/bmw-x6-30d-2018-1859949
Nissan Pathfinder 2012,"US$15,900","210,000km",Automática - Se...,Diesel,https://neoauto.com/auto/usado/nissan-pathfinder-2012-1837759
Bmw X3 20i 2017,"US$18,500","100,000km",Automática,Gasolina,https://neoauto.com/auto/usado/bmw-x3-20i-2017-1857560
Bmw X3 20i 2024,"US$51,000","7,000km",Automática - Se...,Gasolina,https://neoauto.com/auto/usado/bmw-x3-20i-2024-1844803
Chevrolet All New Captiva 2021,"US$18,000","37,000km",Automática - Se...,Dual,https://neoauto.com/auto/usado/chevrolet-all-new-captiva-2021-1863154
Mercedes Benz Gle 63 S Amg 4matic Coupe 2017,"US$64,500","69,962km",Automática - Se...,Gasolina,https://neoauto.com/auto/usado/mercedes-benz-gle-63-s-amg-4matic-coupe-2017-1862963
Bmw 520-I 2018,"US$23,500","48,000km",Automática - Se...,Gasolina,https://neoauto.com/auto/usado/bmw-520-i-2018-1863406
Bmw X5 35i 2014,"US$20,500","60,500km",Automática,Gasolina,https://neoauto.com/auto/usado/bmw-x5-35i-2014-1725746
Porsche Macan 2025,"US$79,900","8,000km",Automática - Se...,Gasolina,https://neoauto.com/auto/usado/porsche-macan-2025-1862229
Mercedes Benz Gle 400 4matic 2017,"US$33,900","65,600km",Automática - Se...,Gasolina,https://neoauto.com/auto/usado/mercedes-benz-gle-400-4matic-2017-1860973
Ford F-150 2012,"US$21,990","155,000km",Automática,Gasolina,https://neoauto.com/auto/usado/ford-f-150-2012-1838508
Bmw X1 18i 2021,"US$25,990","50,000km",Automática - Se...,Gasolina,https://neoauto.com/auto/usado/bmw-x1-18i-2021-1856876
Bmw X5 35i 2016,"US$27,500","56,000km",Automática - Se...,Gasolina,https://neoauto.com/auto/usado/bmw-x5-35i-2016-1858386
Mercedes Benz A-180 2017,"US$15,900","58,344km",Mecánica,Gasolina,https://neoauto.com/auto/usado/mercedes-benz-a-180-2017-1792651
Honda Odyssey 2012,"US$10,800","166,500km",Automática - Se...,Gasolina,https://neoauto.com/auto/usado/honda-odyssey-2012-1863885
Dodge Durango 2018,"US$30,000","30,050km",Automática - Se...,Gasolina,https://neoauto.com/auto/usado/dodge-durango-2018-1862509
Bmw 218i Gran Coupe 2022,"US$26,000","40,000km",Automática - Se...,Gasolina,https://neoauto.com/auto/usado/bmw-218i-gran-coupe-2022-1862666
Ford Territory 2025,"US$22,999","2,800km",Automática,Gasolina,https://neoauto.com/auto/usado/ford-territory-2025-1863803
Volkswagen Jetta 2020,"US$16,800","68,000km",Automática - Se...,Gasolina,https://neoauto.com/auto/usado/volkswagen-jetta-2020-1851916
Mercedes Benz Gle 400 4matic 2018,"US$50,000","50,000km",Automática,Gasolina,https://neoauto.com/auto/usado/mercedes-benz-gle-400-4matic-2018-1858736
Bmw X4 20i 2025,"US$55,000","17,500km",Automática - Se...,Gasolina,https://neoauto.com/auto/usado/bmw-x4-20i-2025-1856559
Suzuki Swift 2022,"US$13,100","2,000km",Mecánica,Gasolina,https://neoauto.com/auto/usado/suzuki-swift-2022-1861875
Volkswagen Crossfox 2020,"US$12,900","48,000km",Mecánica,Gasolina,https://neoauto.com/auto/usado/volkswagen-crossfox-2020-1863211
Ford Bronco 2024,"US$72,900","4,000km",Automática - Se...,Gasolina,https://neoauto.com/auto/usado/ford-bronco-2024-1861294
Jeep Grand Cherokee Laredo 2018,"US$24,900","48,500km",Automática - Se...,Gasolina,https://neoauto.com/auto/usado/jeep-grand-cherokee-laredo-2018-1857457
Toyota Yaris 2024,"US$16,950","23,900km",Automática - Se...,Gasolina,https://neoauto.com/auto/usado/toyota-yaris-2024-1863290
Bmw 335i 2010,"US$18,900",1km,Automática - Se...,Gasolina,https://neoauto.com/auto/usado/bmw-335i-2010-1863273
Kia Sonet 2024,"US$16,800","32,000km",Mecánica,Gasolina,https://neoauto.com/auto/usado/kia-sonet-2024-1862196
Mercedes Benz Ml 350 2013,"US$21,800","60,000km",Automática - Se...,Gasolina,https://neoauto.com/auto/usado/mercedes-benz-ml-350-2013-1850053
Kia Sportage 2018,"US$16,499","94,300km",Mecánica,Gasolina,https://neoauto.com/auto/usado/kia-sportage-2018-1856014
Dodge Durango 2021,"US$38,250","18,000km",Automática - Se...,Gasolina,https://neoauto.com/auto/usado/dodge-durango-2021-1863034
Bmw X5 40i 2022,"US$66,500","18,800km",Automática - Se...,Gasolina,https://neoauto.com/auto/usado/bmw-x5-40i-2022-1807518
Volkswagen Gol 2021,"US$11,900","59,000km",Mecánica,Gasolina,https://neoauto.com/auto/usado/volkswagen-gol-2021-1860204
Bmw X5 M 2015,"US$25,000","74,000km",Automática,Gasolina,https://neoauto.com/auto/usado/bmw-x5-m-2015-1856792
Mazda Cx-5 2025,"US$32,000","21,300km",Automática - Se...,Gasolina,https://neoauto.com/auto/usado/mazda-cx-5-2025-1855873
Volkswagen T-Cross 2021,"US$19,900","29,000km",Automática - Se...,Gasolina,https://neoauto.com/auto/usado/volkswagen-t-cross-2021-1859129
Porsche Macan 2024,"US$68,000","26,000km",Automática - Se...,Gasolina,https://neoauto.com/auto/usado/porsche-macan-2024-1859965
Audi Tt 2010,"US$22,000","89,500km",Mecánica,Gasolina,https://neoauto.com/auto/usado/audi-tt-2010-1863613
Jeep Grand Cherokee Srt 2021,"US$40,000","63,000km",Automática - Se...,Gasolina,https://neoauto.com/auto/usado/jeep-grand-cherokee-srt-2021-1862387
Toyota Hiace 2015,"US$17,500","172,576km",Mecánica,Diesel,https://neoauto.com/auto/usado/toyota-hiace-2015-1823681
Hyundai I30 2016,"US$14,000","90,000km",Automática - Se...,Gasolina,https://neoauto.com/auto/usado/hyundai-i30-2016-1863369
Volvo S60 2017,"US$14,900","102,000km",Automática - Se...,Gasolina,https://neoauto.com/auto/usado/volvo-s60-2017-1644797
Subaru All New Forester 2017,"US$16,300","112,000km",Automática - Se...,Gasolina,https://neoauto.com/auto/usado/subaru-all-new-forester-2017-1857686
Aston Martin Rapide 2013,"US$73,900","8,900km",Automática - Se...,Gasolina,https://neoauto.com/auto/usado/aston-martin-rapide-2013-1861524
Bmw X5 35i 2018,"US$38,500","75,000km",Automática - Se...,Gasolina,https://neoauto.com/auto/usado/bmw-x5-35i-2018-1854568
Mg Zx Plus 2023,"US$15,500","35,000km",Automática - Se...,Dual,https://neoauto.com/auto/usado/mg-zx-plus-2023-1856853
Mercedes Benz Ml 320 2001,"US$7,200","279,000km",Automática,Gasolina,https://neoauto.com/auto/usado/mercedes-benz-ml-320-2001-1858211
Hyundai Venue 2024,"US$17,350","15,500km",Mecánica,Gas GLP,https://neoauto.com/auto/usado/hyundai-venue-2024-1855675
Bmw X1 18i 2024,"US$45,000","13,000km",Automática,Gasolina,https://neoauto.com/auto/usado/bmw-x1-18i-2024-1863486
Bmw 120i 2013,"US$15,500","121,000km",Automática,Gasolina,https://neoauto.com/auto/usado/bmw-120i-2013-1848627
Jeep Liberty 2003,"US$6,000","224,067km",Automática,Gas GNV,https://neoauto.com/auto/usado/jeep-liberty-2003-1861167
Chevrolet Captiva 2021,"US$14,000","121,842km",Mecánica,Dual,https://neoauto.com/auto/usado/chevrolet-captiva-2021-1861794
Toyota Corolla Cross 2025,"US$29,500","19,800km",Automática,Gasolina,https://neoauto.com/auto/usado/toyota-corolla-cross-2025-1859860
Subaru Xv 2018,"US$14,500","149,000km",Automática - Se...,Gasolina,https://neoauto.com/auto/usado/subaru-xv-2018-1860424
Peugeot 207 2010,"US$5,500","160,000km",Mecánica,Dual,https://neoauto.com/auto/usado/peugeot-207-2010-1856366
Ford Escape Se 2013,"US$15,400","51,000km",Automática,Gasolina,https://neoauto.com/auto/usado/ford-escape-se-2013-1856747
Renault Oroch 2023,"US$13,500","70,000km",Mecánica,Gasolina,https://neoauto.com/auto/usado/renault-oroch-2023-1854921
Bmw 120i 2018,"US$19,000","29,900km",Automática - Se...,Gasolina,https://neoauto.com/auto/usado/bmw-120i-2018-1857273
Honda Cr-V 2019,"US$23,000","62,000km",Automática,Gasolina,https://neoauto.com/auto/usado/honda-cr-v-2019-1862510
Volkswagen Tiguan Allspace 2019,"US$17,100","68,000km",Automática - Se...,Gasolina,https://neoauto.com/auto/usado/volkswagen-tiguan-allspace-2019-1857341
Bmw X3 20i 2019,"US$31,000","42,419km",Automática,Gasolina,https://neoauto.com/auto/usado/bmw-x3-20i-2019-1859227
Honda Pilot 2017,"US$22,900","60,000km",Automática - Se...,Gasolina,https://neoauto.com/auto/usado/honda-pilot-2017-1857568
Ram V700 2019,"US$5,800","105,000km",Mecánica,Dual,https://neoauto.com/auto/usado/ram-v700-2019-1835638
Jeep Grand Cherokee Overland 2016,"US$22,500","120,000km",Automática - Se...,Gasolina,https://neoauto.com/auto/usado/jeep-grand-cherokee-overland-2016-1864032
Suzuki Jimny 2023,"US$20,000","21,000km",Automática,Gasolina,https://neoauto.com/auto/usado/suzuki-jimny-2023-1854869
Mazda Cx-30 2024,"US$20,900","20,000km",Automática,Gasolina,https://neoauto.com/auto/usado/mazda-cx-30-2024-1856241
Mercedes Benz Gle 63 S Amg 4matic Coupe 2024,"US$154,000","10,000km",Automática - Se...,Gasolina,https://neoauto.com/auto/usado/mercedes-benz-gle-63-s-amg-4matic-coupe-2024-1859973
Volkswagen Jetta 2019,"US$13,000","55,000km",Mecánica,Gasolina,https://neoauto.com/auto/usado/volkswagen-jetta-2019-1862444
Suzuki Grand Vitara 2025,"US$19,000","50,000km",Automática - Se...,Gasolina,https://neoauto.com/auto/usado/suzuki-grand-vitara-2025-1855585
Citroen Berlingo 2024,"US$15,000","30,000km",Mecánica,Diesel,https://neoauto.com/auto/usado/citroen-berlingo-2024-1856795
Audi Q3 2023,"US$33,900","29,000km",Automática - Se...,Gasolina,https://neoauto.com/auto/usado/audi-q3-2023-1858053
Volkswagen Tiguan Allspace 2020,"US$22,900","53,600km",Automática - Se...,Gasolina,https://neoauto.com/auto/usado/volkswagen-tiguan-allspace-2020-1857116
Mazda Cx-5 2020,"US$20,000","73,000km",Mecánica,Gasolina,https://neoauto.com/auto/usado/mazda-cx-5-2020-1861546
Jeep Cherokee Longitude 2016,"US$16,500","42,663km",Automática - Se...,Gasolina,https://neoauto.com/auto/usado/jeep-cherokee-longitude-2016-1851741
Volkswagen T-Cross 2020,"US$18,000","35,000km",Automática,Gasolina,https://neoauto.com/auto/usado/volkswagen-t-cross-2020-1861264
Mercedes Benz C-180 Kompressor 2009,"US$10,000","90,000km",Automática,Gasolina,https://neoauto.com/auto/usado/mercedes-benz-c-180-kompressor-2009-1862549
Audi A3 1.8tfsi Turbo Cabriolet 2014,"US$15,000","72,000km",Automática - Se...,Gasolina,https://neoauto.com/auto/usado/audi-a3-1-8tfsi-turbo-cabriolet-2014-1856710
Jeep Grand Cherokee Laredo 2010,"US$9,500","120,000km",Automática,Gasolina,https://neoauto.com/auto/usado/jeep-grand-cherokee-laredo-2010-1859890
Volvo S60 2014,"US$11,500","54,000km",Automática,Gasolina,https://neoauto.com/auto/usado/volvo-s60-2014-1849857
Jac Js6 2015,"US$5,000",Automática,Automática,Dual,https://neoauto.com/auto/usado/jac-js6-2015-1860139
Dodge Journey 2018,"US$16,000","72,500km",Automática,Gasolina,https://neoauto.com/auto/usado/dodge-journey-2018-1808067
Volvo S60 2013,"US$12,000","52,000km",Automática,Gasolina,https://neoauto.com/auto/usado/volvo-s60-2013-1862625
Suzuki Sx-4 2008,"US$6,350","236,000km",Mecánica,Gasolina,https://neoauto.com/auto/usado/suzuki-sx-4-2008-1856601
Volvo Xc-40 2020,"US$33,500","21,000km",Automática - Se...,Gasolina,https://neoauto.com/auto/usado/volvo-xc-40-2020-1779953
Hyundai Creta Grand 2018,"US$16,500","36,000km",Automática,Gasolina,https://neoauto.com/auto/usado/hyundai-creta-grand-2018-1859074
Land Rover Range Rover P530 Autobiography 2020,"US$84,900","18,000km",Automática,Gasolina,https://neoauto.com/auto/usado/land-rover-range-rover-p530-autobiography-2020-1861320
Toyota Rav4 2023,"US$30,000","56,900km",Automática - Se...,Gasolina,https://neoauto.com/auto/usado/toyota-rav4-2023-1863400
Volkswagen Tiguan Allspace 2022,"US$23,500","47,000km",Automática - Se...,Gasolina,https://neoauto.com/auto/usado/volkswagen-tiguan-allspace-2022-1858027
Chery New Tiggo 7 2024,"US$15,800","17,924km",Automática - Se...,Gasolina,https://neoauto.com/auto/usado/chery-new-tiggo-7-2024-1843109
Jeep Wrangler Unlimited Sahara 2007,"US$23,900","52,000km",Mecánica,Dual,https://neoauto.com/auto/usado/jeep-wrangler-unlimited-sahara-2007-1846505
Dfsk Glory 500 2023,"US$12,000","30,000km",Automática - Se...,Gasolina,https://neoauto.com/auto/usado/dfsk-glory-500-2023-1860530
Audi A3 Hb 2021,"US$19,800","44,000km",Automática - Se...,Gasolina,https://neoauto.com/auto/usado/audi-a3-hb-2021-1861573
Mazda Cx-5 2022,"US$21,500","86,500km",Automática - Se...,Gasolina,https://neoauto.com/auto/usado/mazda-cx-5-2022-1856838
Subaru Impreza Sport 2014,"US$10,500","95,000km",Automática - Se...,Gasolina,https://neoauto.com/auto/usado/subaru-impreza-sport-2014-913413
Honda Cr-V 2023,"US$34,700","40,000km",Automática - Se...,Gasolina,https://neoauto.com/auto/usado/honda-cr-v-2023-1864022
Bmw M 140i 2019,"US$34,900","33,000km",Automática - Se...,Gasolina,https://neoauto.com/auto/usado/bmw-m-140i-2019-1831763
Toyota Tacoma 2025,"US$125,000",,Automática - Se...,Gasolina,https://neoauto.com/auto/usado/toyota-tacoma-2025-1861830
Mercedes Benz B180 2012,"US$13,800","69,100km",Automática,Gasolina,https://neoauto.com/auto/usado/mercedes-benz-b180-2012-1848854
Subaru Xv 2011,"US$8,900","90,000km",Automática,Gasolina,https://neoauto.com/auto/usado/subaru-xv-2011-1860632
Mercedes Benz A200 2014,"US$17,000","51,000km",Automática - Se...,Gasolina,https://neoauto.com/auto/usado/mercedes-benz-a200-2014-1859657
Toyota Rav4 2014,"US$14,500","131,000km",Automática - Se...,Gasolina,https://neoauto.com/auto/usado/toyota-rav4-2014-1857833
Toyota 4runner 2023,"US$49,900","87,000km",Automática - Se...,Gasolina,https://neoauto.com/auto/usado/toyota-4runner-2023-1861850
Jeep Renegade 2022,"US$21,000","26,500km",Automática,Gasolina,https://neoauto.com/auto/usado/jeep-renegade-2022-1862686
Mg Zx 2025,"US$13,000","16,250km",Automática - Se...,Gasolina,https://neoauto.com/auto/usado/mg-zx-2025-1863020
Toyota Camry 2008,"US$8,171","175,000km",Automática - Se...,Gasolina,https://neoauto.com/auto/usado/toyota-camry-2008-1853545
Audi Q5 2014,"US$15,900","126,100km",Automática - Se...,Gasolina,https://neoauto.com/auto/usado/audi-q5-2014-1848552
Honda Cr-V 2015,"US$15,600","121,000km",Automática,Gasolina,https://neoauto.com/auto/usado/honda-cr-v-2015-1855818
Audi Q5 2016,"US$19,000","71,000km",Automática - Se...,Gasolina,https://neoauto.com/auto/usado/audi-q5-2016-1860681
Ford Territory 2021,"US$20,500","50,000km",Automática - Se...,Gasolina,https://neoauto.com/auto/usado/ford-territory-2021-1846881
Subaru Xv 2022,"US$22,000","28,100km",Automática,Gasolina,https://neoauto.com/auto/usado/subaru-xv-2022-1857315
Ford Territory 2023,"US$22,000","35,000km",Automática,Gasolina,https://neoauto.com/auto/usado/ford-territory-2023-1861346
Keyton Fj6450 2022,"US$13,000",800km,Automática,Eléctrico,https://neoauto.com/auto/usado/keyton-fj6450-2022-1855889
Audi A4 E 1.8t Multitronic 2015,"US$14,250","52,700km",Automática - Se...,Gasolina,https://neoauto.com/auto/usado/audi-a4-e-1-8t-multitronic-2015-1857857
Nissan Qashqai 2016,"US$14,700","43,000km",Mecánica,Gasolina,https://neoauto.com/auto/usado/nissan-qashqai-2016-1857399
Subaru Impreza Sport 2019,"US$17,800","53,400km",Automática - Se...,Gasolina,https://neoauto.com/auto/usado/subaru-impreza-sport-2019-1846403
Honda Civic 2011,"US$9,990","78,000km",Automática,Gasolina,https://neoauto.com/auto/usado/honda-civic-2011-1856192
Mazda Cx-30 2022,"US$18,500","45,000km",Mecánica,Gasolina,https://neoauto.com/auto/usado/mazda-cx-30-2022-1860953
Renault Fluence 2018,"US$11,200","59,000km",Automática,Gasolina,https://neoauto.com/auto/usado/renault-fluence-2018-1860525
Mercedes Benz Gle 400 4matic 2017,"US$34,000","51,219km",Automática - Se...,Gasolina,https://neoauto.com/auto/usado/mercedes-benz-gle-400-4matic-2017-1851627
Honda Cr-V 2021,"US$26,500","50,350km",Automática - Se...,Gasolina,https://neoauto.com/auto/usado/honda-cr-v-2021-1863319
Kia Sportage 2017,"US$17,400","87,772km",Automática,Dual,https://neoauto.com/auto/usado/kia-sportage-2017-1862336
Nissan Qashqai 2015,"US$12,300","200,350km",Mecánica,Gas GNV,https://neoauto.com/auto/usado/nissan-qashqai-2015-1854911
Chevrolet Tahoe 2021,"US$59,990","59,000km",Automática - Se...,Gasolina,https://neoauto.com/auto/usado/chevrolet-tahoe-2021-1862303
Bmw X1 2018,"US$20,000","70,500km",Automática - Se...,Gasolina,https://neoauto.com/auto/usado/bmw-x1-2018-1859928
Porsche Cayenne S 2016,"US$33,600","67,473km",Automática - Se...,Gasolina,https://neoauto.com/auto/usado/porsche-cayenne-s-2016-1861965
Audi Q2 2019,"US$25,000","53,000km",Automática - Se...,Gasolina,https://neoauto.com/auto/usado/audi-q2-2019-1863173
Jeep Compass 2020,"US$18,500","54,500km",Automática - Se...,Gasolina,https://neoauto.com/auto/usado/jeep-compass-2020-1859753
Mazda 3 2026,"US$24,800",40km,Automática - Se...,Gasolina,https://neoauto.com/auto/usado/mazda-3-2026-1861845
Bmw 120i 2016,"US$17,900","59,944km",Automática - Se...,Gasolina,https://neoauto.com/auto/usado/bmw-120i-2016-1860383
Jeep Grand Cherokee Limited 2016,"US$18,900","63,000km",Automática - Se...,Gasolina,https://neoauto.com/auto/usado/jeep-grand-cherokee-limited-2016-1861415
Volvo Xc-60 2020,"US$31,600","82,000km",Automática - Se...,Gasolina,https://neoauto.com/auto/usado/volvo-xc-60-2020-1851671
Nissan Pathfinder 2005,"US$7,500","350,000km",Automática,Gas GLP,https://neoauto.com/auto/usado/nissan-pathfinder-2005-1775246
Volkswagen Amarok 2021,"US$31,000","66,500km",Automática - Se...,Diesel,https://neoauto.com/auto/usado/volkswagen-amarok-2021-1863968
Mercedes Benz Gl 400 2015,"US$27,500","95,500km",Automática - Se...,Gasolina,https://neoauto.com/auto/usado/mercedes-benz-gl-400-2015-1858176
Mazda All New Mazda 3 2024,"US$18,800","10,150km",Mecánica,Gasolina,https://neoauto.com/auto/usado/mazda-all-new-mazda-3-2024-1821216
Jeep Compass 2024,"US$29,000","16,500km",Automática - Se...,Gasolina,https://neoauto.com/auto/usado/jeep-compass-2024-1832152
Chevrolet Groove 2024,"US$14,500","19,352km",Mecánica,Dual,https://neoauto.com/auto/usado/chevrolet-groove-2024-1862725
Jac T8 2025,"US$20,500","27,500km",Automática,Diesel,https://neoauto.com/auto/usado/jac-t8-2025-1863376
Volvo Xc-40 2024,"US$44,990","8,600km",Automática,Eléctrico,https://neoauto.com/auto/usado/volvo-xc-40-2024-1850544
Renault Master 2020,"US$25,500","78,000km",Mecánica,Diesel,https://neoauto.com/auto/usado/renault-master-2020-1838505
Bmw X3 2020,"US$36,000","24,500km",Automática - Se...,Gas,https://neoauto.com/auto/usado/bmw-x3-2020-1855865
Volkswagen Tiguan Allspace 2019,"US$17,500","64,000km",Automática,Gasolina,https://neoauto.com/auto/usado/volkswagen-tiguan-allspace-2019-1859428
Audi Q5 2012,"US$13,500","110,000km",Automática - Se...,Gasolina,https://neoauto.com/auto/usado/audi-q5-2012-1858825
Chevrolet Tracker 2023,"US$15,900","32,000km",Mecánica,Gasolina,https://neoauto.com/auto/usado/chevrolet-tracker-2023-1848376
Audi S6 2016,"US$33,500","58,500km",Automática - Se...,Gasolina,https://neoauto.com/auto/usado/audi-s6-2016-1855922
Chery New Tiggo 7 2024,"US$15,500","56,500km",Automática - Se...,Gasolina,https://neoauto.com/auto/usado/chery-new-tiggo-7-2024-1863340
Toyota Corolla Cross 2023,"US$22,500","61,000km",Automática,Gasolina,https://neoauto.com/auto/usado/toyota-corolla-cross-2023-1863152
Toyota Yaris 2014,"US$12,500","75,146km",Mecánica,Gasolina,https://neoauto.com/auto/usado/toyota-yaris-2014-1861721
Toyota Fortuner 2018,"US$31,000","60,000km",Automática - Se...,Gasolina,https://neoauto.com/auto/usado/toyota-fortuner-2018-1856733
Audi A3 Sedan 2017,"US$16,700","45,500km",Automática - Se...,Gasolina,https://neoauto.com/auto/usado/audi-a3-sedan-2017-1862817
Mazda Bt-50 2023,"US$22,850","70,000km",Mecánica,Diesel,https://neoauto.com/auto/usado/mazda-bt-50-2023-1860919
Dfsk Glory 560 2022,"US$14,000","37,900km",Mecánica,Gasolina,https://neoauto.com/auto/usado/dfsk-glory-560-2022-1861365
Nissan Tiida 2012,"US$8,900","54,000km",Mecánica,Gasolina,https://neoauto.com/auto/usado/nissan-tiida-2012-1816197
Peugeot 3008 2018,"US$19,000","55,611km",Automática,Gasolina,https://neoauto.com/auto/usado/peugeot-3008-2018-1862761
Kia Sorento 2013,"US$13,900","120,000km",Automática - Se...,Gasolina,https://neoauto.com/auto/usado/kia-sorento-2013-1859248
Suzuki Jimny 2017,"US$12,000","132,803km",Mecánica,Gasolina,https://neoauto.com/auto/usado/suzuki-jimny-2017-1861792
Nissan Frontier 2024,"US$27,000","65,000km",Mecánica,Diesel,https://neoauto.com/auto/usado/nissan-frontier-2024-1863357
Ford Explorer 2024,"US$50,000","20,000km",Automática - Se...,Gasolina,https://neoauto.com/auto/usado/ford-explorer-2024-1862987
Kia Sportage 2020,"US$22,000","44,763km",Automática,Gasolina,https://neoauto.com/auto/usado/kia-sportage-2020-1861742
Toyota Land Cruiser 2013,"US$29,900","160,000km",Mecánica,Diesel,https://neoauto.com/auto/usado/toyota-land-cruiser-2013-1858058
Volvo 121 1967,"US$7,500","71,195km",Mecánica,Gasolina,https://neoauto.com/auto/usado/volvo-121-1967-1852802
Mitsubishi Montero Sport 2023,"US$33,500","40,500km",Automática - Se...,Gasolina,https://neoauto.com/auto/usado/mitsubishi-montero-sport-2023-1860403
Audi Q2 2019,"US$26,000","44,000km",Automática - Se...,Gasolina,https://neoauto.com/auto/usado/audi-q2-2019-1859143
Volvo Ex30 2025,"US$39,900","6,200km",Automática,Eléctrico,https://neoauto.com/auto/usado/volvo-ex30-2025-1859498
Honda Accord 2010,"US$6,500","68,000km",Automática,Gasolina,https://neoauto.com/auto/usado/honda-accord-2010-1852646
Hyundai Santa Fe 2016,"US$22,000","6,000km",Automática,Gasolina,https://neoauto.com/auto/usado/hyundai-santa-fe-2016-1857977
Dongfeng T5 Evo 2022,"US$16,000","48,000km",Automática - Se...,Gasolina,https://neoauto.com/auto/usado/dongfeng-t5-evo-2022-1850397
Plymouth Satellite 1969,"US$8,990","56,702km",Mecánica,Gasolina,https://neoauto.com/auto/usado/plymouth-satellite-1969-1852798
Bmw 118i 2025,"US$31,000","18,000km",Automática - Se...,Gasolina,https://neoauto.com/auto/usado/bmw-118i-2025-1858497
Toyota 4runner 2010,"US$35,000","180,000km",Automática,Gasolina,https://neoauto.com/auto/usado/toyota-4runner-2010-1860511
Bmw X4 20i 2025,"US$55,000","4,700km",Automática - Se...,Gasolina,https://neoauto.com/auto/usado/bmw-x4-20i-2025-1863383
Mitsubishi L200 2022,"US$24,000","5,000km",Mecánica,Diesel,https://neoauto.com/auto/usado/mitsubishi-l200-2022-1852515
Subaru Xv 2018,"US$16,000","67,000km",Automática,Gasolina,https://neoauto.com/auto/usado/subaru-xv-2018-1847383
Toyota Land Cruiser 1980,"US$38,000","160,000km",Mecánica,Gasolina,https://neoauto.com/auto/usado/toyota-land-cruiser-1980-1863048
Toyota Hilux 2013,"US$16,500","128,000km",Mecánica,Diesel,https://neoauto.com/auto/usado/toyota-hilux-2013-1861270
Subaru Forester 2017,"US$18,500","57,000km",Automática,Gasolina,https://neoauto.com/auto/usado/subaru-forester-2017-1800805
Jac T6 2022,"US$17,500","22,000km",Mecánica,Diesel,https://neoauto.com/auto/usado/jac-t6-2022-1858395
Subaru Forester Turbo 2015,"US$15,500","111,000km",Automática - Se...,Gasolina,https://neoauto.com/auto/usado/subaru-forester-turbo-2015-1860141
Bmw X1 18i 2022,"US$33,500","19,000km",Automática,Gasolina,https://neoauto.com/auto/usado/bmw-x1-18i-2022-1856117
Chevrolet Vivant 2007,"US$7,000","245,000km",Mecánica,Gas GNV,https://neoauto.com/auto/usado/chevrolet-vivant-2007-1856065
Volkswagen Gol 2023,"US$11,500","72,000km",Mecánica,Dual,https://neoauto.com/auto/usado/volkswagen-gol-2023-1861871
Bmw 318i 2017,"US$18,990","48,300km",Automática - Se...,Gasolina,https://neoauto.com/auto/usado/bmw-318i-2017-1716164
Chevrolet Onix 2020,"US$11,000","46,500km",Automática - Se...,Gasolina,https://neoauto.com/auto/usado/chevrolet-onix-2020-1862628
Bmw 120i 2017,"US$18,900","47,500km",Automática - Se...,Gasolina,https://neoauto.com/auto/usado/bmw-120i-2017-1862197
Mercedes Benz B180 2014,"US$13,200","71,700km",Automática - Se...,Gasolina,https://neoauto.com/auto/usado/mercedes-benz-b180-2014-1863776
Changan Cs35 2017,"US$8,900","87,500km",Mecánica,Gasolina,https://neoauto.com/auto/usado/changan-cs35-2017-1858028
Bmw X1 20i 2017,"US$23,900","43,335km",Automática - Se...,Gasolina,https://neoauto.com/auto/usado/bmw-x1-20i-2017-1863485
Mg Zx 2024,"US$15,000","54,000km",Automática - Se...,Dual,https://neoauto.com/auto/usado/mg-zx-2024-1859023
Volkswagen Tiguan Allspace 2018,"US$18,300","57,000km",Automática - Se...,Gasolina,https://neoauto.com/auto/usado/volkswagen-tiguan-allspace-2018-1863356
Bmw X1 20i 2017,"US$21,500","57,500km",Automática - Se...,Gasolina,https://neoauto.com/auto/usado/bmw-x1-20i-2017-1861199
Nissan Versa Drive 2022,"US$10,950","99,500km",Mecánica,Dual,https://neoauto.com/auto/usado/nissan-versa-drive-2022-1855441
Bmw 318i 2017,"US$17,500","62,000km",Automática,Gasolina,https://neoauto.com/auto/usado/bmw-318i-2017-1859168
Volkswagen Tiguan Allspace 2018,"US$16,880","70,500km",Automática,Gasolina,https://neoauto.com/auto/usado/volkswagen-tiguan-allspace-2018-1863181
Subaru Wrx 2017,"US$17,500","140,000km",Automática - Se...,Gasolina,https://neoauto.com/auto/usado/subaru-wrx-2017-1862366
Jac Refine 2023,"US$16,300","47,000km",Mecánica,Dual,https://neoauto.com/auto/usado/jac-refine-2023-1861345
Toyota Hilux 2007,"US$14,900","118,000km",Mecánica,Gas GNV,https://neoauto.com/auto/usado/toyota-hilux-2007-1860609
Volkswagen Jetta 2018,"US$11,000","81,000km",Mecánica,Gasolina,https://neoauto.com/auto/usado/volkswagen-jetta-2018-1862785
Mini Hatch 5dr 2020,"US$25,500","20,000km",Automática - Se...,Gasolina,https://neoauto.com/auto/usado/mini-hatch-5dr-2020-1861420
Land Rover Freelander 2013,"US$11,500","124,860km",Automática,Gasolina,https://neoauto.com/auto/usado/land-rover-freelander-2013-1860767
Zotye Z360 2017,"US$6,000","116,000km",Mecánica,Dual,https://neoauto.com/auto/usado/zotye-z360-2017-1863432
Kia Rio 2014,"US$10,000","72,000km",Automática,Dual,https://neoauto.com/auto/usado/kia-rio-2014-1863389
Hyundai Santa Fe 2012,"US$10,500","239,500km",Automática - Se...,Gasolina,https://neoauto.com/auto/usado/hyundai-santa-fe-2012-1863248
Nissan X-Trail 2016,"US$14,500","52,600km",Automática,Gasolina,https://neoauto.com/auto/usado/nissan-x-trail-2016-1862719
Bmw 114i 2014,"US$12,500","72,400km",Mecánica,Gasolina,https://neoauto.com/auto/usado/bmw-114i-2014-1859160
Hyundai Creta 2023,"US$18,500","63,000km",Mecánica,Gasolina,https://neoauto.com/auto/usado/hyundai-creta-2023-1861843
Nissan X-Trail 2018,"US$16,000","88,500km",Automática - Se...,Gasolina,https://neoauto.com/auto/usado/nissan-x-trail-2018-1862591
Chevrolet Onix Joy 2021,"US$8,700","34,000km",Mecánica,Gasolina,https://neoauto.com/auto/usado/chevrolet-onix-joy-2021-1861023
Ford F-150 1987,"US$5,000","99,000km",Mecánica,Diesel,https://neoauto.com/auto/usado/ford-f-150-1987-1857971
Mazda Cx-5 2022,"US$24,000","42,000km",Automática - Se...,Gasolina,https://neoauto.com/auto/usado/mazda-cx-5-2022-1860644
Ford Explorer 2018,"US$26,500","87,100km",Automática,Gasolina,https://neoauto.com/auto/usado/ford-explorer-2018-1862030
Bmw 420i 2018,"US$18,000","103,558km",Automática,Gasolina,https://neoauto.com/auto/usado/bmw-420i-2018-1859661
Toyota Fortuner 2017,"US$29,400","72,400km",Automática - Se...,Dual,https://neoauto.com/auto/usado/toyota-fortuner-2017-1859736
Mazda Cx-9 2023,"US$33,500","28,400km",Automática - Se...,Gasolina,https://neoauto.com/auto/usado/mazda-cx-9-2023-1863015
Mg 6 2020,"US$10,500","76,784km",Automática - Se...,Gasolina,https://neoauto.com/auto/usado/mg-6-2020-1724463
Mitsubishi Outlander 2016,"US$14,000","70,000km",Automática - Se...,Gasolina,https://neoauto.com/auto/usado/mitsubishi-outlander-2016-1814339
Bmw 118i 2022,"US$24,000","59,926km",Automática - Se...,Gasolina,https://neoauto.com/auto/usado/bmw-118i-2022-1861315
Honda Accord 2010,"US$10,900","91,000km",Automática,Gasolina,https://neoauto.com/auto/usado/honda-accord-2010-1863191
Kia Mohave 2018,"US$23,600","43,000km",Automática - Se...,Dual,https://neoauto.com/auto/usado/kia-mohave-2018-1862005
Volkswagen Touareg 2013,"US$14,000","135,000km",Automática - Se...,Gasolina,https://neoauto.com/auto/usado/volkswagen-touareg-2013-1851583
Bmw X1 18i 2019,"US$20,499","86,700km",Automática,Gasolina,https://neoauto.com/auto/usado/bmw-x1-18i-2019-1858077
Bmw 330i 2024,"US$52,900","14,000km",Automática - Se...,Gasolina,https://neoauto.com/auto/usado/bmw-330i-2024-1743484
Bmw X5 30d 2014,"US$19,800","161,000km",Automática - Se...,Diesel,https://neoauto.com/auto/usado/bmw-x5-30d-2014-1860026
Toyota Land Cruiser Prado 2023,"US$56,900","44,000km",Automática - Se...,Gasolina,https://neoauto.com/auto/usado/toyota-land-cruiser-prado-2023-1861034
Mazda 3 2015,"US$11,500","78,225km",Mecánica,Gasolina,https://neoauto.com/auto/usado/mazda-3-2015-1864013
Chevrolet Onix 2025,"US$14,850","2,300km",Automática,Gasolina,https://neoauto.com/auto/usado/chevrolet-onix-2025-1860286
Haval Jolion 2023,"US$18,000","12,000km",Automática,Gasolina,https://neoauto.com/auto/usado/haval-jolion-2023-1857930
Chevrolet Captiva 2025,"US$19,400","11,000km",Automática - Se...,Gasolina,https://neoauto.com/auto/usado/chevrolet-captiva-2025-1859481
Volkswagen Beetle 2017,"US$18,300","51,571km",Automática - Se...,Gasolina,https://neoauto.com/auto/usado/volkswagen-beetle-2017-1863073
Bmw X3 2017,"US$22,000","62,840km",Automática - Se...,Gasolina,https://neoauto.com/auto/usado/bmw-x3-2017-1856282
Honda Hr-V 2016,"US$15,300","49,000km",Automática,Gasolina,https://neoauto.com/auto/usado/honda-hr-v-2016-1861527
Chevrolet Captiva 2020,"US$14,100","72,000km",Mecánica,Gasolina,https://neoauto.com/auto/usado/chevrolet-captiva-2020-1853549
Land Rover Range Rover Sport 2010,"US$21,500","103,000km",Automática,Gasolina,https://neoauto.com/auto/usado/land-rover-range-rover-sport-2010-1862433
Mazda 6 2016,"US$12,900","87,000km",Automática - Se...,Gasolina,https://neoauto.com/auto/usado/mazda-6-2016-1863596
Geely Gx3 Pro 2024,"US$12,400","42,700km",Automática,Gas GLP,https://neoauto.com/auto/usado/geely-gx3-pro-2024-1858622
Volkswagen Crossfox 2011,"US$8,000","166,660km",Mecánica,Gasolina,https://neoauto.com/auto/usado/volkswagen-crossfox-2011-1863053
Bmw X5 44i 2013,"US$17,800","95,000km",Automática,Gasolina,https://neoauto.com/auto/usado/bmw-x5-44i-2013-1858140
Bmw 335ci 2010,"US$14,950","48,000km",Automática - Se...,Gasolina,https://neoauto.com/auto/usado/bmw-335ci-2010-1861290
Kia Picanto 2018,"US$9,000","24,000km",Automática,Gasolina,https://neoauto.com/auto/usado/kia-picanto-2018-1858380
Jeep Grand Cherokee 2015,"US$21,990","65,000km",Automática,Gasolina,https://neoauto.com/auto/usado/jeep-grand-cherokee-2015-1838518
Mazda Cx-3 2017,"US$12,500","130,000km",Mecánica,Gasolina,https://neoauto.com/auto/usado/mazda-cx-3-2017-1861109
Mg One 2024,"US$17,900","1,035km",Automática,Gasolina,https://neoauto.com/auto/usado/mg-one-2024-1863194
Mg Zx 2024,"US$12,750","11,300km",Mecánica,Dual,https://neoauto.com/auto/usado/mg-zx-2024-1860528
Suzuki Grand Vitara 2017,"US$15,500","22,300km",Automática,Gasolina,https://neoauto.com/auto/usado/suzuki-grand-vitara-2017-1862651
Audi Q5 2015,"US$15,900","72,300km",Automática,Gasolina,https://neoauto.com/auto/usado/audi-q5-2015-1856068
Volkswagen T-Cross 2024,"US$20,490","14,130km",Automática - Se...,Gasolina,https://neoauto.com/auto/usado/volkswagen-t-cross-2024-1863769
Hyundai Kona 2024,"US$25,500","10,500km",Automática,Gasolina,https://neoauto.com/auto/usado/hyundai-kona-2024-1861258
Jeep Grand Cherokee Laredo 2019,"US$21,900","94,000km",Automática - Se...,Gasolina,https://neoauto.com/auto/usado/jeep-grand-cherokee-laredo-2019-1862218
Hyundai Tucson 2015,"US$14,900","75,000km",Automática - Se...,Gasolina,https://neoauto.com/auto/usado/hyundai-tucson-2015-1863553
Suzuki Grand Nomade 2014,"US$11,800","133,500km",Automática - Se...,Dual,https://neoauto.com/auto/usado/suzuki-grand-nomade-2014-1861880
Mazda 6 2017,"US$12,900","95,700km",Automática - Se...,Gasolina,https://neoauto.com/auto/usado/mazda-6-2017-1863314
Kia Carnival 2014,"US$20,800","92,500km",Automática,Diesel,https://neoauto.com/auto/usado/kia-carnival-2014-1863676
Toyota Corolla 2015,"US$12,500","72,000km",Automática - Se...,Dual,https://neoauto.com/auto/usado/toyota-corolla-2015-1847192
Lexus Es 250 2017,"US$20,500","62,000km",Automática - Se...,Gasolina,https://neoauto.com/auto/usado/lexus-es-250-2017-1851296
Honda Pilot 2017,"US$22,200","61,612km",Automática,Gasolina,https://neoauto.com/auto/usado/honda-pilot-2017-1858178
Haval H6 2021,"US$15,990","64,000km",Automática - Se...,Gasolina,https://neoauto.com/auto/usado/haval-h6-2021-1864006
Kia Cerato 2019,"US$16,950","22,500km",Automática - Se...,Gasolina,https://neoauto.com/auto/usado/kia-cerato-2019-1863455
Mercedes Benz A200 2018,"US$17,000","46,300km",Automática - Se...,Gasolina,https://neoauto.com/auto/usado/mercedes-benz-a200-2018-1817780
Honda Pilot 2019,"US$27,800","65,000km",Automática - Se...,Gasolina,https://neoauto.com/auto/usado/honda-pilot-2019-1861029
Mazda Cx-3 2018,"US$15,500","23,000km",Automática - Se...,Gasolina,https://neoauto.com/auto/usado/mazda-cx-3-2018-1858143
Honda Pilot 2019,"US$30,000","69,000km",Automática - Se...,Gasolina,https://neoauto.com/auto/usado/honda-pilot-2019-1863875
Toyota Hilux 2024,"US$44,000","9,800km",Mecánica,Diesel,https://neoauto.com/auto/usado/toyota-hilux-2024-1859349
Bmw X6 50i 2010,"US$20,000","78,000km",Automática - Se...,Eléctrico,https://neoauto.com/auto/usado/bmw-x6-50i-2010-1857836
Land Rover Defender 2021,"US$76,500","41,000km",Automática - Se...,Gasolina,https://neoauto.com/auto/usado/land-rover-defender-2021-1862593
Nissan X-Trail 2019,"US$20,900","47,000km",Automática - Se...,Gas GLP,https://neoauto.com/auto/usado/nissan-x-trail-2019-1725070
Honda Wr-V 2019,"US$13,500","79,982km",Mecánica,Gasolina,https://neoauto.com/auto/usado/honda-wr-v-2019-1863103
Chevrolet Captiva 2011,"US$9,500","103,500km",Mecánica,Dual,https://neoauto.com/auto/usado/chevrolet-captiva-2011-1826878
Honda Pilot 2016,"US$19,900","95,000km",Automática,Gasolina,https://neoauto.com/auto/usado/honda-pilot-2016-1844247
Land Rover Discovery Sport 2018,"US$19,500","76,000km",Automática,Gasolina,https://neoauto.com/auto/usado/land-rover-discovery-sport-2018-1860906
Mitsubishi Montero Sport 2017,"US$33,500","85,000km",Automática,Diesel,https://neoauto.com/auto/usado/mitsubishi-montero-sport-2017-1863176
Kia Rio 2016,"US$10,900","78,000km",Automática - Se...,Dual,https://neoauto.com/auto/usado/kia-rio-2016-1862802
Audi Q3 2021,"US$29,900","47,000km",Automática - Se...,Gasolina,https://neoauto.com/auto/usado/audi-q3-2021-1861129
Toyota Hilux 2023,"US$32,400","75,500km",Mecánica,Diesel,https://neoauto.com/auto/usado/toyota-hilux-2023-1863403
Peugeot Pickup Kp1 2023,"US$21,000","81,285km",Mecánica,Diesel,https://neoauto.com/auto/usado/peugeot-pickup-kp1-2023-1863128
Subaru Xv 2018,"US$17,900","66,000km",Automática,Gasolina,https://neoauto.com/auto/usado/subaru-xv-2018-1861137
Mazda 3 Sport 2009,"US$8,500","76,000km",Mecánica,Gasolina,https://neoauto.com/auto/usado/mazda-3-sport-2009-1863330
Seat Ateca 2024,"US$22,900","23,000km",Automática - Se...,Gasolina,https://neoauto.com/auto/usado/seat-ateca-2024-1860512
Hyundai Tucson 2023,"US$22,700","55,000km",Automática - Se...,Gasolina,https://neoauto.com/auto/usado/hyundai-tucson-2023-1857992
Ssangyong Actyon Sports 2016,"US$8,900","107,000km",Mecánica,Diesel,https://neoauto.com/auto/usado/ssangyong-actyon-sports-2016-1860422
Lexus Rx 450h F Sport 2022,"US$42,000","88,141km",Automática - Se...,Gasolina,https://neoauto.com/auto/usado/lexus-rx-450h-f-sport-2022-1861948
Subaru Outback 2020,"US$27,000","41,000km",Automática - Se...,Gasolina,https://neoauto.com/auto/usado/subaru-outback-2020-1837680
Volkswagen Amarok 2016,"US$22,500","146,757km",Automática - Se...,Diesel,https://neoauto.com/auto/usado/volkswagen-amarok-2016-1858906
Subaru Evoltis 2021,"US$34,500","48,000km",Automática,Gasolina,https://neoauto.com/auto/usado/subaru-evoltis-2021-1863391
Mitsubishi Montero Sport 2017,"US$25,500","82,000km",Automática - Se...,Gasolina,https://neoauto.com/auto/usado/mitsubishi-montero-sport-2017-1857710
Toyota Corolla Cross 2024,"US$20,500",,Automática - Se...,Gasolina,https://neoauto.com/auto/usado/toyota-corolla-cross-2024-1860170
Audi A4 E 1.8t Multitronic 2016,"US$16,400","55,000km",Automática - Se...,Gasolina,https://neoauto.com/auto/usado/audi-a4-e-1-8t-multitronic-2016-1859080
Volkswagen Tiguan Allspace 2020,"US$20,000","60,000km",Automática - Se...,Gasolina,https://neoauto.com/auto/usado/volkswagen-tiguan-allspace-2020-1861653
Toyota Rav4 2017,"US$20,499","89,700km",Automática - Se...,Gasolina,https://neoauto.com/auto/usado/toyota-rav4-2017-1855848
Nissan Tiida 2012,"US$8,800","124,000km",Automática,Dual,https://neoauto.com/auto/usado/nissan-tiida-2012-1864007
Volkswagen Crossfox 2013,"US$9,200","57,000km",Mecánica,Gasolina,https://neoauto.com/auto/usado/volkswagen-crossfox-2013-1863006
Volvo Xc-60 2022,"US$39,500","17,000km",Automática,Gasolina,https://neoauto.com/auto/usado/volvo-xc-60-2022-1859754
Bmw X3 20i 2020,"US$34,000","44,500km",Automática - Se...,Gasolina,https://neoauto.com/auto/usado/bmw-x3-20i-2020-1864001
Jeep Patriot 2016,"US$17,000","41,000km",Automática,Gasolina,https://neoauto.com/auto/usado/jeep-patriot-2016-1863411
Hyundai Creta 2024,"US$19,950","25,500km",Automática - Se...,Dual,https://neoauto.com/auto/usado/hyundai-creta-2024-1863948
Haval H6 2023,"US$21,300","10,000km",Automática - Se...,Gasolina,https://neoauto.com/auto/usado/haval-h6-2023-1861919
Suzuki Apv Minivan 2016,"US$7,500","106,047km",Mecánica,Gasolina,https://neoauto.com/auto/usado/suzuki-apv-minivan-2016-1857935
Suzuki Vitara 2018,"US$13,500","113,000km",Mecánica,Dual,https://neoauto.com/auto/usado/suzuki-vitara-2018-1861427
Renault Koleos 2024,"US$20,200","9,000km",Automática - Se...,Gasolina,https://neoauto.com/auto/usado/renault-koleos-2024-1860339
Toyota Hilux 2023,"US$34,200","43,500km",Mecánica,Diesel,https://neoauto.com/auto/usado/toyota-hilux-2023-1859951
Volkswagen Tiguan Allspace 2018,"US$19,500","103,000km",Automática,Gasolina,https://neoauto.com/auto/usado/volkswagen-tiguan-allspace-2018-1862746
Kia Sportage 2017,"US$16,200","96,500km",Automática - Se...,Dual,https://neoauto.com/auto/usado/kia-sportage-2017-1859528
Jeep Cherokee Longitude 2019,"US$19,600","23,900km",Automática,Gasolina,https://neoauto.com/auto/usado/jeep-cherokee-longitude-2019-1858790
Baic X35 2023,"US$11,800","18,500km",Mecánica,Dual,https://neoauto.com/auto/usado/baic-x35-2023-1863358
Bmw M135i 2013,"US$15,500","64,500km",Automática - Se...,Gasolina,https://neoauto.com/auto/usado/bmw-m135i-2013-1858766
Nissan Qashqai 2016,"US$15,000","59,000km",Automática - Se...,Gasolina,https://neoauto.com/auto/usado/nissan-qashqai-2016-1860186
Suzuki S-Cross 2019,"US$14,800","27,000km",Mecánica,Gasolina,https://neoauto.com/auto/usado/suzuki-s-cross-2019-1862655
Hyundai Accent 2014,"US$9,600","94,241km",Automática,Gasolina,https://neoauto.com/auto/usado/hyundai-accent-2014-1860416
Audi A6 2022,"US$44,900","45,000km",Automática - Se...,Gasolina,https://neoauto.com/auto/usado/audi-a6-2022-1862209
Subaru Forester 2023,"US$33,900","10,300km",Automática,Gasolina,https://neoauto.com/auto/usado/subaru-forester-2023-1863232
Volkswagen Beetle 2015,"US$15,250","74,400km",Automática - Se...,Gasolina,https://neoauto.com/auto/usado/volkswagen-beetle-2015-1861409
Bmw X3 20i 2021,"US$36,500","48,000km",Automática - Se...,Gasolina,https://neoauto.com/auto/usado/bmw-x3-20i-2021-1858033
Mitsubishi Montero Sport 2016,"US$33,000","100,000km",Automática - Se...,Diesel,https://neoauto.com/auto/usado/mitsubishi-montero-sport-2016-1858136
Land Rover Discovery Sport 2015,"US$15,700","80,600km",Automática,Gasolina,https://neoauto.com/auto/usado/land-rover-discovery-sport-2015-1862388
Ford Ranger Limited 2022,"US$33,500","35,600km",Automática - Se...,Diesel,https://neoauto.com/auto/usado/ford-ranger-limited-2022-1852435
Mazda 3 Sport 2015,"US$11,500","97,000km",Automática - Se...,Gasolina,https://neoauto.com/auto/usado/mazda-3-sport-2015-1863360
Toyota Corolla 2023,"US$17,900","51,000km",Automática - Se...,Gasolina,https://neoauto.com/auto/usado/toyota-corolla-2023-1859916
Mercedes Benz Glc 250 4matic 2019,"US$29,900","68,000km",Automática - Se...,Gasolina,https://neoauto.com/auto/usado/mercedes-benz-glc-250-4matic-2019-1851525
Chevrolet Cruze 2016,"US$10,500","51,900km",Mecánica,Gasolina,https://neoauto.com/auto/usado/chevrolet-cruze-2016-1857563
Volkswagen Crossfox 2018,"US$11,500","77,000km",Automática - Se...,Dual,https://neoauto.com/auto/usado/volkswagen-crossfox-2018-1863390
Subaru Impreza Sport 2022,"US$17,900","17,800km",Automática,Gasolina,https://neoauto.com/auto/usado/subaru-impreza-sport-2022-1863261
Audi A3 Sedan 2015,"US$13,400","81,000km",Automática - Se...,Gasolina,https://neoauto.com/auto/usado/audi-a3-sedan-2015-1783431
Citroen C-4 2014,"US$7,200","68,500km",Mecánica,Gasolina,https://neoauto.com/auto/usado/citroen-c-4-2014-1859533
Suzuki Fronx 2026,"US$18,500","4,900km",Automática,Gasolina,https://neoauto.com/auto/usado/suzuki-fronx-2026-1860901
Chevrolet Tahoe 2017,"US$27,500","70,000km",Automática - Se...,Gasolina,https://neoauto.com/auto/usado/chevrolet-tahoe-2017-1862640
Subaru Forester 2014,"US$13,500","107,000km",Automática,Gasolina,https://neoauto.com/auto/usado/subaru-forester-2014-1859912
Mercedes Benz Glc 250 4matic 2018,"US$26,900","84,000km",Automática,Gasolina,https://neoauto.com/auto/usado/mercedes-benz-glc-250-4matic-2018-1846475
Porsche Cayenne Coupe 2021,"US$77,000","48,000km",Automática - Se...,Gasolina,https://neoauto.com/auto/usado/porsche-cayenne-coupe-2021-1858641
Audi Q3 2020,"US$26,500","82,000km",Automática - Se...,Gasolina,https://neoauto.com/auto/usado/audi-q3-2020-1854320
Renault Symbol 2010,"US$6,000","99,000km",Mecánica,Gasolina,https://neoauto.com/auto/usado/renault-symbol-2010-1860108
Mercedes Benz C-180 2017,"US$17,800","65,200km",Automática - Se...,Gasolina,https://neoauto.com/auto/usado/mercedes-benz-c-180-2017-1861361
Ford Explorer 2017,"US$24,000","79,000km",Automática - Se...,Gasolina,https://neoauto.com/auto/usado/ford-explorer-2017-1861153
Bmw 740i 2012,"US$16,900","69,000km",Automática - Se...,Gasolina,https://neoauto.com/auto/usado/bmw-740i-2012-1863023
Toyota Land Cruiser Prado 2021,"US$42,000","61,000km",Automática - Se...,Gasolina,https://neoauto.com/auto/usado/toyota-land-cruiser-prado-2021-1862873
Honda Hrv 2017,"US$15,000","52,000km",Automática,Gasolina,https://neoauto.com/auto/usado/honda-hrv-2017-1859943
Toyota Corolla 2015,"US$15,500","65,000km",Mecánica,Gasolina,https://neoauto.com/auto/usado/toyota-corolla-2015-1858836
Volvo S60 2013,"US$9,000","80,000km",Automática,Gasolina,https://neoauto.com/auto/usado/volvo-s60-2013-1863838
Peugeot Partner 2020,"US$6,900","167,300km",Mecánica,Dual,https://neoauto.com/auto/usado/peugeot-partner-2020-1862496
Kia Picanto 2013,"US$6,900","87,500km",Mecánica,Gasolina,https://neoauto.com/auto/usado/kia-picanto-2013-1862480
Toyota Camry 2013,"US$11,500","123,000km",Automática - Se...,Gasolina,https://neoauto.com/auto/usado/toyota-camry-2013-1863515
Honda Cr-V 2008,"US$18,000","105,695km",Automática,Dual,https://neoauto.com/auto/usado/honda-cr-v-2008-1859021
Volvo S60 2012,"US$11,000","57,000km",Automática - Se...,Gasolina,https://neoauto.com/auto/usado/volvo-s60-2012-1859861
Bmw X3 20i 2017,"US$27,000","58,000km",Automática,Gasolina,https://neoauto.com/auto/usado/bmw-x3-20i-2017-1863093
Jeep Cherokee Sport 2015,"US$13,500","67,300km",Automática - Se...,Gasolina,https://neoauto.com/auto/usado/jeep-cherokee-sport-2015-1856239
Volvo Xc-60 2013,"US$15,500","118,000km",Automática - Se...,Gasolina,https://neoauto.com/auto/usado/volvo-xc-60-2013-1859171
Volkswagen Bora 2015,"US$7,650","165,000km",Automática - Se...,Gas GLP,https://neoauto.com/auto/usado/volkswagen-bora-2015-1862434
Subaru Impreza Sport 2019,"US$15,800","51,000km",Automática - Se...,Gasolina,https://neoauto.com/auto/usado/subaru-impreza-sport-2019-1862390
Volkswagen Gol 1995,"US$3,800","200,000km",Mecánica,Gasolina,https://neoauto.com/auto/usado/volkswagen-gol-1995-1862461
Hyundai Tucson 2008,"US$8,300","232,000km",Automática - Se...,Dual,https://neoauto.com/auto/usado/hyundai-tucson-2008-1863474
Honda Pilot 2017,"US$21,900","83,000km",Automática - Se...,Gasolina,https://neoauto.com/auto/usado/honda-pilot-2017-1862570
Dfsk Glory 500 2022,"US$11,490","34,000km",Automática - Se...,Gasolina,https://neoauto.com/auto/usado/dfsk-glory-500-2022-1860674
Mitsubishi Montero Sport 2014,"US$22,000","111,500km",Automática - Se...,Diesel,https://neoauto.com/auto/usado/mitsubishi-montero-sport-2014-1863708
Bmw X1 18i 2018,"US$20,900","52,500km",Automática - Se...,Gasolina,https://neoauto.com/auto/usado/bmw-x1-18i-2018-1859469
Suzuki Grand Nomade 2008,"US$9,300","159,913km",Automática,Gasolina,https://neoauto.com/auto/usado/suzuki-grand-nomade-2008-1863763
Peugeot 208 2013,"US$7,000","97,000km",Mecánica,Gasolina,https://neoauto.com/auto/usado/peugeot-208-2013-1859297
Honda Wr-V 2021,"US$15,000","32,000km",Automática - Se...,Gasolina,https://neoauto.com/auto/usado/honda-wr-v-2021-1863044
Toyota Land Cruiser Prado 2012,"US$25,000","208,000km",Automática,Gasolina,https://neoauto.com/auto/usado/toyota-land-cruiser-prado-2012-1862910
